source_id,target_id,source_index,target_index,source,target,label,split,negative_type,similarity
41,134,41,134,data set,massive training set,1,train,none,0.6321872472763062
67,83,67,83,feature vector,hidden layer,1,train,none,0.4836190342903137
78,217,78,217,gradient algorithm,stochastic gradient algorithm,1,train,none,0.7971867322921753
219,158,219,158,supervised learning,neural network,1,train,none,0.5362627506256104
226,183,226,183,test data set,polynomial regression,1,train,none,0.31568244099617004
226,16,226,16,test data set,character recognition,1,train,none,0.31675130128860474
121,159,121,159,linear regression,neural network learning,1,train,none,0.5341945290565491
226,53,226,53,test data set,error analysis,1,train,none,0.5760538578033447
112,134,112,134,learning problem,massive training set,1,train,none,0.47040802240371704
128,162,128,162,loss function,normal equation,1,train,none,0.46259140968322754
165,138,165,138,matrix,matrix transpose,1,train,none,0.7433953285217285
111,65,111,65,learning method,feature selection,1,train,none,0.5263422727584839
219,204,219,204,supervised learning,regularization,1,train,none,0.5814547538757324
118,206,118,206,linear classifier,regularized logistic regression,1,train,none,0.46699729561805725
130,16,130,16,machine learning,character recognition,1,train,none,0.5469536781311035
40,47,40,47,data representation,deep neural network,1,train,none,0.4828594923019409
169,104,169,104,optimization algorithms,kernel regression,1,train,none,0.3752896785736084
100,85,100,85,k means,hierarchical clustering,1,train,none,0.7223510146141052
93,222,93,222,inner product,svm optimization,1,train,none,0.30469033122062683
26,47,26,47,features,deep neural network,1,train,none,0.5207206606864929
111,14,111,14,learning method,binary classification,1,train,none,0.4606916010379791
225,227,225,227,test data,test error,1,train,none,0.7440799474716187
165,50,165,50,matrix,dimensionality reduction,1,train,none,0.441474974155426
99,195,99,195,joint model probability,probabilistic model,1,train,none,0.7273086309432983
165,57,165,57,matrix,expectation maximization,1,train,none,0.2315223217010498
131,100,131,100,machine learning algorithm,k means,1,train,none,0.4747806191444397
176,223,176,223,parameter vector,svm packages,1,train,none,0.47757577896118164
112,62,112,62,learning problem,feature engineering,1,train,none,0.5153310894966125
134,158,134,158,massive training set,neural network,1,train,none,0.5177054405212402
36,71,36,71,covariance matrix,gaussian model,1,train,none,0.5652753114700317
219,202,219,202,supervised learning,regression model,1,train,none,0.5868475437164307
21,221,21,221,classification problem,support vector machine,1,train,none,0.5848274230957031
186,60,186,60,positive data,false negative,1,train,none,0.680877685546875
158,173,158,173,neural network,output layer,1,train,none,0.7114815711975098
228,237,228,237,training data,validation error,1,train,none,0.6449300050735474
61,31,61,31,false positives,confusion matrix,1,train,none,0.7134402394294739
236,5,236,5,unsupervised learning,anomaly detection,1,train,none,0.5358148813247681
202,200,202,200,regression model,regression coefficients,1,train,none,0.6932649612426758
132,17,132,17,machine learning application,character segmentation,1,train,none,0.23139910399913788
41,229,41,229,data set,training data set,1,train,none,0.8818614482879639
201,202,201,202,regression function,regression model,1,train,none,0.832392156124115
20,242,20,242,classification error,overfitting,1,train,none,0.6214174032211304
26,219,26,219,features,supervised learning,1,train,none,0.5890392661094666
165,139,165,139,matrix,matrix vector multiplication,1,train,none,0.7875790596008301
158,54,158,54,neural network,error cost function,1,train,none,0.4897266626358032
111,131,111,131,learning method,machine learning algorithm,1,train,none,0.7861952781677246
11,6,11,6,bias unit,back prop,1,train,none,0.5517752766609192
227,151,227,151,test error,model selection,1,train,none,0.4971592426300049
29,141,29,141,conditional distribution,maximum likelihood estimate,1,train,none,0.5041346549987793
94,127,94,127,input data,logistic regression,1,train,none,0.4421534538269043
117,127,117,127,linear algebra,logistic regression,1,train,none,0.37104564905166626
185,61,185,61,positive class,false positives,1,train,none,0.7108780145645142
149,151,149,151,model complexity,model selection,1,train,none,0.6529477834701538
89,68,89,68,hypothesis,forward propagation,1,train,none,0.368205189704895
21,159,21,159,classification problem,neural network learning,1,train,none,0.4520782232284546
116,125,116,125,likelihood function,log likelihood,1,train,none,0.8476691246032715
229,239,229,239,training data set,variance problem,1,train,none,0.4418725371360779
170,32,170,32,optimization objective,conjugate gradient,1,train,none,0.48093366622924805
133,59,133,59,machine learning system,face detection,1,train,none,0.4758317470550537
228,121,228,121,training data,linear regression,1,train,none,0.5084549188613892
191,20,191,20,predicted value,classification error,1,train,none,0.5123704075813293
229,230,229,230,training data set,training error,1,train,none,0.7238433361053467
130,210,130,210,machine learning,spam filtering,1,train,none,0.4354774057865143
228,39,228,39,training data,cross validation sets,1,train,none,0.5919854640960693
41,39,41,39,data set,cross validation sets,1,train,none,0.6971645355224609
55,149,55,149,estimated parameters,model complexity,1,train,none,0.6134645938873291
13,158,13,158,big data sets,neural network,1,train,none,0.47853004932403564
56,87,56,87,evaluation metrics,precision,1,train,none,0.6833943128585815
67,162,67,162,feature vector,normal equation,1,train,none,0.3784436285495758
34,54,34,54,convex function,error cost function,1,train,none,0.543135941028595
71,148,71,148,gaussian model,mixture model,1,train,none,0.7383307218551636
73,239,73,239,generalization error,variance problem,1,train,none,0.6707279682159424
158,83,158,83,neural network,hidden layer,1,train,none,0.8272917866706848
221,119,221,119,support vector machine,linear kernel,1,train,none,0.6267789006233215
171,121,171,121,optimization problem,linear regression,1,train,none,0.4619765281677246
56,10,56,10,evaluation metrics,bias problem,1,train,none,0.414995402097702
73,12,73,12,generalization error,bias variance trade-off,1,train,none,0.7034676671028137
171,221,171,221,optimization problem,support vector machine,1,train,none,0.4535316824913025
48,7,48,7,derivative term,batch gradient descent,1,train,none,0.5633713006973267
130,113,130,113,machine learning,learning rate,1,train,none,0.524003803730011
226,232,226,232,test data set,true negatives,1,train,none,0.4573175609111786
93,164,93,164,inner product,normalized representation,1,train,none,0.5253404378890991
125,141,125,141,log likelihood,maximum likelihood estimate,1,train,none,0.7006689310073853
226,17,226,17,test data set,character segmentation,1,train,none,0.2265649139881134
76,110,76,110,global minimum,learning curve,1,train,none,0.5006396174430847
229,202,229,202,training data set,regression model,1,train,none,0.5638831853866577
41,37,41,37,data set,cross validation,1,train,none,0.5892560482025146
215,69,215,69,standard deviation,gaussian density,1,train,none,0.5472385287284851
26,65,26,65,features,feature selection,1,train,none,0.7682098746299744
141,8,141,8,maximum likelihood estimate,bayesian approach,1,train,none,0.5349897742271423
26,37,26,37,features,cross validation,1,train,none,0.5530591607093811
26,210,26,210,features,spam filtering,1,train,none,0.4671701192855835
111,57,111,57,learning method,expectation maximization,1,train,none,0.4409920275211334
26,152,26,152,features,multi-class classification,1,train,none,0.45387834310531616
94,18,94,18,input data,classification accuracy,1,train,none,0.43082091212272644
77,169,77,169,global optimum,optimization algorithms,1,train,none,0.6222068667411804
111,50,111,50,learning method,dimensionality reduction,1,train,none,0.3952142894268036
97,6,97,6,input units,back prop,1,train,none,0.48399192094802856
111,151,111,151,learning method,model selection,1,train,none,0.5565541982650757
158,174,158,174,neural network,output unit,1,train,none,0.6271812319755554
219,242,219,242,supervised learning,overfitting,1,train,none,0.6028468608856201
192,227,192,227,prediction error,test error,1,train,none,0.7767908573150635
131,127,131,127,machine learning algorithm,logistic regression,1,train,none,0.4866793155670166
77,81,77,81,global optimum,gradient descent,1,train,none,0.5741250514984131
130,74,130,74,machine learning,generalized linear models,1,train,none,0.3957062065601349
26,221,26,221,features,support vector machine,1,train,none,0.5261209011077881
171,205,171,205,optimization problem,regularized linear regression,1,train,none,0.45681196451187134
146,204,146,204,minimization problem,regularization,1,train,none,0.5782177448272705
169,140,169,140,optimization algorithms,maximum likelihood,1,train,none,0.4515312612056732
81,145,81,145,gradient descent,mini-batch size,1,train,none,0.5966256260871887
239,204,239,204,variance problem,regularization,1,train,none,0.5055611729621887
112,203,112,203,learning problem,regression problem,1,train,none,0.6900313496589661
225,232,225,232,test data,true negatives,1,train,none,0.4896170496940613
114,10,114,10,learning system,bias problem,1,train,none,0.4992689788341522
94,133,94,133,input data,machine learning system,1,train,none,0.6242067217826843
176,11,176,11,parameter vector,bias unit,1,train,none,0.5730184316635132
112,63,112,63,learning problem,feature extraction,1,train,none,0.4554581642150879
21,118,21,118,classification problem,linear classifier,1,train,none,0.5955156683921814
157,14,157,14,negative example,binary classification,1,train,none,0.4582882821559906
228,10,228,10,training data,bias problem,1,train,none,0.5936265587806702
184,86,184,86,polynomial terms,high order polynomial,1,train,none,0.755068302154541
168,35,168,35,optimal solution,coordinate descent,1,train,none,0.40679240226745605
132,16,132,16,machine learning application,character recognition,1,train,none,0.4259590208530426
176,66,176,66,parameter vector,feature space,1,train,none,0.5274158716201782
128,12,128,12,loss function,bias variance trade-off,1,train,none,0.47418224811553955
55,200,55,200,estimated parameters,regression coefficients,1,train,none,0.6356757283210754
185,118,185,118,positive class,linear classifier,1,train,none,0.48905301094055176
131,44,131,44,machine learning algorithm,decision tree,1,train,none,0.6320492625236511
20,60,20,60,classification error,false negative,1,train,none,0.6885218620300293
190,18,190,18,predicted class,classification accuracy,1,train,none,0.7232315540313721
18,58,18,58,classification accuracy,f1 score,1,train,none,0.7535176873207092
85,3,85,3,hierarchical clustering,agglomerative clustering,1,train,none,0.7449049353599548
48,6,48,6,derivative term,back prop,1,train,none,0.5828767418861389
81,217,81,217,gradient descent,stochastic gradient algorithm,1,train,none,0.7140542268753052
130,62,130,62,machine learning,feature engineering,1,train,none,0.5548971891403198
41,152,41,152,data set,multi-class classification,1,train,none,0.3850114941596985
73,149,73,149,generalization error,model complexity,1,train,none,0.6162276268005371
228,107,228,107,training data,large margin classifier,1,train,none,0.5285267233848572
76,7,76,7,global minimum,batch gradient descent,1,train,none,0.5847243070602417
209,127,209,127,sigmoid function,logistic regression,1,train,none,0.6078886985778809
128,121,128,121,loss function,linear regression,1,train,none,0.5047016143798828
198,140,198,140,random variable,maximum likelihood,1,train,none,0.47108888626098633
147,242,147,242,misclassification error,overfitting,1,train,none,0.5540726184844971
171,128,171,128,optimization problem,loss function,1,train,none,0.6056324243545532
94,53,94,53,input data,error analysis,1,train,none,0.5556763410568237
229,104,229,104,training data set,kernel regression,1,train,none,0.3682703375816345
133,27,133,27,machine learning system,computer vision,1,train,none,0.5560445189476013
224,25,224,25,symmetric matrix,collaborative filtering,1,train,none,0.3565220832824707
230,2,230,2,training error,adaboost,1,train,none,0.336125910282135
239,38,239,38,variance problem,cross validation error,1,train,none,0.5616979598999023
100,102,100,102,k means,k-means objective,1,train,none,0.783348798751831
89,127,89,127,hypothesis,logistic regression,1,train,none,0.49818968772888184
42,107,42,107,decision boundaries,large margin classifier,1,train,none,0.6576389670372009
130,238,130,238,machine learning,validation set,1,train,none,0.5471997261047363
26,107,26,107,features,large margin classifier,1,train,none,0.4915395677089691
192,237,192,237,prediction error,validation error,1,train,none,0.8429559469223022
66,152,66,152,feature space,multi-class classification,1,train,none,0.41590914130210876
112,51,112,51,learning problem,document retrieval,1,train,none,0.3663027584552765
195,9,195,9,probabilistic model,bayesian inference,1,train,none,0.6959661245346069
56,110,56,110,evaluation metrics,learning curve,1,train,none,0.5246932506561279
111,100,111,100,learning method,k means,1,train,none,0.4688171446323395
13,199,13,199,big data sets,recommender system,1,train,none,0.35629093647003174
121,104,121,104,linear regression,kernel regression,1,train,none,0.5636202692985535
21,152,21,152,classification problem,multi-class classification,1,train,none,0.7064105272293091
151,10,151,10,model selection,bias problem,1,train,none,0.5036443471908569
55,242,55,242,estimated parameters,overfitting,1,train,none,0.5713379979133606
147,204,147,204,misclassification error,regularization,1,train,none,0.4939643144607544
112,12,112,12,learning problem,bias variance trade-off,1,train,none,0.5337499976158142
213,193,213,193,square projection error,principle components,1,train,none,0.6001969575881958
202,104,202,104,regression model,kernel regression,1,train,none,0.6436607837677002
225,158,225,158,test data,neural network,1,train,none,0.45674097537994385
121,74,121,74,linear regression,generalized linear models,1,train,none,0.5279139280319214
13,46,13,46,big data sets,deep learning,1,train,none,0.5785285830497742
34,79,34,79,convex function,gradient ascent,1,train,none,0.5542278289794922
26,159,26,159,features,neural network learning,1,train,none,0.48432618379592896
96,121,96,121,input space,linear regression,1,train,none,0.4842483699321747
230,239,230,239,training error,variance problem,1,train,none,0.600579023361206
181,183,181,183,polynomial features,polynomial regression,1,train,none,0.784528374671936
41,121,41,121,data set,linear regression,1,train,none,0.4334438741207123
69,195,69,195,gaussian density,probabilistic model,1,train,none,0.5068278908729553
41,4,41,4,data set,anomalous example,1,train,none,0.38223040103912354
83,159,83,159,hidden layer,neural network learning,1,train,none,0.6366459727287292
130,166,130,166,machine learning,ocr problem,1,train,none,0.369367778301239
229,203,229,203,training data set,regression problem,1,train,none,0.4978026747703552
238,237,238,237,validation set,validation error,1,train,none,0.7645957469940186
67,95,67,95,feature vector,input layer,1,train,none,0.5073248147964478
95,83,95,83,input layer,hidden layer,1,train,none,0.6994559168815613
117,221,117,221,linear algebra,support vector machine,1,train,none,0.45849543809890747
48,217,48,217,derivative term,stochastic gradient algorithm,1,train,none,0.5573614239692688
131,43,131,43,machine learning algorithm,decision stamp,1,train,none,0.3610241413116455
26,19,26,19,features,classification approach,1,train,none,0.5576369166374207
41,114,41,114,data set,learning system,1,train,none,0.5320307016372681
117,137,117,137,linear algebra,matrix multiplication,1,train,none,0.6806659698486328
26,158,26,158,features,neural network,1,train,none,0.5471959114074707
112,44,112,44,learning problem,decision tree,1,train,none,0.5661119222640991
120,121,120,121,linear model,linear regression,1,train,none,0.8109133243560791
186,127,186,127,positive data,logistic regression,1,train,none,0.44920140504837036
130,223,130,223,machine learning,svm packages,1,train,none,0.45002859830856323
228,5,228,5,training data,anomaly detection,1,train,none,0.47903937101364136
111,107,111,107,learning method,large margin classifier,1,train,none,0.48599371314048767
106,221,106,221,labeled data,support vector machine,1,train,none,0.5112436413764954
117,93,117,93,linear algebra,inner product,1,train,none,0.4764884114265442
170,168,170,168,optimization objective,optimal solution,1,train,none,0.7087104916572571
20,204,20,204,classification error,regularization,1,train,none,0.5507404804229736
56,227,56,227,evaluation metrics,test error,1,train,none,0.616586446762085
26,120,26,120,features,linear model,1,train,none,0.5958490371704102
226,65,226,65,test data set,feature selection,1,train,none,0.504589855670929
191,202,191,202,predicted value,regression model,1,train,none,0.7504173517227173
225,191,225,191,test data,predicted value,1,train,none,0.5233796834945679
131,81,131,81,machine learning algorithm,gradient descent,1,train,none,0.6122914552688599
112,118,112,118,learning problem,linear classifier,1,train,none,0.4863131642341614
83,1,83,1,hidden layer,activation values,1,train,none,0.5961733460426331
140,75,140,75,maximum likelihood,gibbs sampler,1,train,none,0.4289241135120392
191,79,191,79,predicted value,gradient ascent,1,train,none,0.41445574164390564
176,128,176,128,parameter vector,loss function,1,train,none,0.5754007697105408
130,148,130,148,machine learning,mixture model,1,train,none,0.376628041267395
202,205,202,205,regression model,regularized linear regression,1,train,none,0.5423378944396973
130,203,130,203,machine learning,regression problem,1,train,none,0.575126051902771
22,85,22,85,cluster center,hierarchical clustering,1,train,none,0.5516119003295898
89,183,89,183,hypothesis,polynomial regression,1,train,none,0.41849613189697266
26,163,26,163,features,normalized features,1,train,none,0.626438558101654
126,158,126,158,logistic function,neural network,1,train,none,0.4038425087928772
89,42,89,42,hypothesis,decision boundaries,1,train,none,0.5409277081489563
100,3,100,3,k means,agglomerative clustering,1,train,none,0.7066500186920166
158,46,158,46,neural network,deep learning,1,train,none,0.7696027159690857
41,127,41,127,data set,logistic regression,1,train,none,0.3850218653678894
89,7,89,7,hypothesis,batch gradient descent,1,train,none,0.3898891508579254
242,237,242,237,overfitting,validation error,1,train,none,0.7089694738388062
112,217,112,217,learning problem,stochastic gradient algorithm,1,train,none,0.4508737325668335
150,200,150,200,model parameters,regression coefficients,1,train,none,0.6002411842346191
229,233,229,233,training data set,true positives,1,train,none,0.3159397840499878
226,221,226,221,test data set,support vector machine,1,train,none,0.408669650554657
123,102,123,102,local optima,k-means objective,1,train,none,0.29787003993988037
81,80,81,80,gradient descent,gradient checking,1,train,none,0.5459961891174316
219,42,219,42,supervised learning,decision boundaries,1,train,none,0.5279645323753357
95,11,95,11,input layer,bias unit,1,train,none,0.5355066657066345
117,90,117,90,linear algebra,identity matrics,1,train,none,0.49046266078948975
186,233,186,233,positive data,true positives,1,train,none,0.669288158416748
228,49,228,49,training data,design matrix,1,train,none,0.4772425591945648
221,70,221,70,support vector machine,gaussian kernel,1,train,none,0.5737349390983582
230,73,230,73,training error,generalization error,1,train,none,0.7582719326019287
168,158,168,158,optimal solution,neural network,1,train,none,0.4300503730773926
67,181,67,181,feature vector,polynomial features,1,train,none,0.5655771493911743
41,50,41,50,data set,dimensionality reduction,1,train,none,0.40081605315208435
19,207,19,207,classification approach,sentiment analysis,1,train,none,0.4183978736400604
53,227,53,227,error analysis,test error,1,train,none,0.7119335532188416
117,205,117,205,linear algebra,regularized linear regression,1,train,none,0.41469642519950867
227,239,227,239,test error,variance problem,1,train,none,0.49412697553634644
130,179,130,179,machine learning,pedestrian detection,1,train,none,0.3777512311935425
229,6,229,6,training data set,back prop,1,train,none,0.4202539920806885
106,127,106,127,labeled data,logistic regression,1,train,none,0.45473524928092957
131,5,131,5,machine learning algorithm,anomaly detection,1,train,none,0.45264989137649536
121,205,121,205,linear regression,regularized linear regression,1,train,none,0.7020151615142822
130,243,130,243,machine learning,underfitting,1,train,none,0.5535708665847778
26,50,26,50,features,dimensionality reduction,1,train,none,0.6627230644226074
229,205,229,205,training data set,regularized linear regression,1,train,none,0.38498425483703613
0,6,0,6,activation function,back prop,1,train,none,0.47263461351394653
243,12,243,12,underfitting,bias variance trade-off,1,train,none,0.5991352796554565
41,109,41,109,data set,latent dirichlet allocation,1,train,none,0.20343902707099915
171,158,171,158,optimization problem,neural network,1,train,none,0.4317227005958557
127,6,127,6,logistic regression,back prop,1,train,none,0.28118079900741577
169,113,169,113,optimization algorithms,learning rate,1,train,none,0.5209534764289856
114,199,114,199,learning system,recommender system,1,train,none,0.4450928568840027
60,189,60,189,false negative,precision recall curve,1,train,none,0.6084834933280945
48,177,48,177,derivative term,partial derivative,1,train,none,0.8217734098434448
237,151,237,151,validation error,model selection,1,train,none,0.6516146063804626
190,60,190,60,predicted class,false negative,1,train,none,0.6197555661201477
130,207,130,207,machine learning,sentiment analysis,1,train,none,0.4015922248363495
23,100,23,100,cluster,k means,1,train,none,0.8375625610351562
225,192,225,192,test data,prediction error,1,train,none,0.6169854998588562
165,154,165,154,matrix,multivariate gaussian model,1,train,none,0.373202919960022
209,68,209,68,sigmoid function,forward propagation,1,train,none,0.46347254514694214
18,53,18,53,classification accuracy,error analysis,1,train,none,0.6081732511520386
186,158,186,158,positive data,neural network,1,train,none,0.3464930057525635
192,12,192,12,prediction error,bias variance trade-off,1,train,none,0.6243966817855835
188,37,188,37,positive training example,cross validation,1,train,none,0.4281921684741974
234,151,234,151,tuning parameter,model selection,1,train,none,0.6222798824310303
37,237,37,237,cross validation,validation error,1,train,none,0.7412711977958679
130,158,130,158,machine learning,neural network,1,train,none,0.6285039186477661
228,152,228,152,training data,multi-class classification,1,train,none,0.46310609579086304
228,53,228,53,training data,error analysis,1,train,none,0.6065906286239624
177,206,177,206,partial derivative,regularized logistic regression,1,train,none,0.2750890851020813
165,213,165,213,matrix,square projection error,1,train,none,0.44691747426986694
98,81,98,81,iterative algorithm,gradient descent,1,train,none,0.6456415057182312
228,202,228,202,training data,regression model,1,train,none,0.6414099335670471
67,175,67,175,feature vector,parameter estimation,1,train,none,0.3206930458545685
228,58,228,58,training data,f1 score,1,train,none,0.5100603103637695
130,37,130,37,machine learning,cross validation,1,train,none,0.5499818921089172
169,217,169,217,optimization algorithms,stochastic gradient algorithm,1,train,none,0.7225027084350586
130,155,130,155,machine learning,nearest neighbor search,1,train,none,0.39169204235076904
81,205,81,205,gradient descent,regularized linear regression,1,train,none,0.5325567722320557
174,54,174,54,output unit,error cost function,1,train,none,0.48917558789253235
230,151,230,151,training error,model selection,1,train,none,0.5091606378555298
18,60,18,60,classification accuracy,false negative,1,train,none,0.6424838304519653
94,64,94,64,input data,feature scaling,1,train,none,0.5206512212753296
118,119,118,119,linear classifier,linear kernel,1,train,none,0.7344858050346375
131,89,131,89,machine learning algorithm,hypothesis,1,train,none,0.57090163230896
177,6,177,6,partial derivative,back prop,1,train,none,0.603698194026947
117,139,117,139,linear algebra,matrix vector multiplication,1,train,none,0.6878440976142883
157,2,157,2,negative example,adaboost,1,train,none,0.39660027623176575
133,222,133,222,machine learning system,svm optimization,1,train,none,0.4514433741569519
76,158,76,158,global minimum,neural network,1,train,none,0.4507802128791809
123,81,123,81,local optima,gradient descent,1,train,none,0.5592215061187744
186,14,186,14,positive data,binary classification,1,train,none,0.5032484531402588
14,158,14,158,binary classification,neural network,1,train,none,0.397822767496109
127,107,127,107,logistic regression,large margin classifier,1,train,none,0.47603684663772583
112,239,112,239,learning problem,variance problem,1,train,none,0.5570446252822876
88,158,88,158,recall,neural network,1,train,none,0.3782019317150116
112,58,112,58,learning problem,f1 score,1,train,none,0.47347965836524963
229,46,229,46,training data set,deep learning,1,train,none,0.4956924319267273
226,73,226,73,test data set,generalization error,1,train,none,0.6221694350242615
26,6,26,6,features,back prop,1,train,none,0.3886766731739044
94,226,94,226,input data,test data set,1,train,none,0.6170485615730286
98,57,98,57,iterative algorithm,expectation maximization,1,train,none,0.40199172496795654
26,74,26,74,features,generalized linear models,1,train,none,0.3598865866661072
230,10,230,10,training error,bias problem,1,train,none,0.6682341694831848
229,110,229,110,training data set,learning curve,1,train,none,0.6052359342575073
83,11,83,11,hidden layer,bias unit,1,train,none,0.5616836547851562
225,17,225,17,test data,character segmentation,1,train,none,0.24239709973335266
41,12,41,12,data set,bias variance trade-off,1,train,none,0.43032264709472656
94,131,94,131,input data,machine learning algorithm,1,train,none,0.552778959274292
228,4,228,4,training data,anomalous example,1,train,none,0.44550514221191406
117,50,117,50,linear algebra,dimensionality reduction,1,train,none,0.4878186583518982
200,108,200,108,regression coefficients,lasso regression,1,train,none,0.5959801077842712
229,68,229,68,training data set,forward propagation,1,train,none,0.366039514541626
186,37,186,37,positive data,cross validation,1,train,none,0.3828727602958679
114,5,114,5,learning system,anomaly detection,1,train,none,0.4495397210121155
73,242,73,242,generalization error,overfitting,1,train,none,0.6940129399299622
130,15,130,15,machine learning,boosting algorithm,1,train,none,0.4580812156200409
185,189,185,189,positive class,precision recall curve,1,train,none,0.5435186624526978
111,155,111,155,learning method,nearest neighbor search,1,train,none,0.4331464171409607
190,88,190,88,predicted class,recall,1,train,none,0.633399486541748
157,37,157,37,negative example,cross validation,1,train,none,0.4282309114933014
170,158,170,158,optimization objective,neural network,1,train,none,0.37550845742225647
199,25,199,25,recommender system,collaborative filtering,1,train,none,0.8358440399169922
130,108,130,108,machine learning,lasso regression,1,train,none,0.42823344469070435
126,6,126,6,logistic function,back prop,1,train,none,0.34908327460289
158,97,158,97,neural network,input units,1,train,none,0.613194465637207
228,25,228,25,training data,collaborative filtering,1,train,none,0.3111411929130554
131,19,131,19,machine learning algorithm,classification approach,1,train,none,0.6966084837913513
76,222,76,222,global minimum,svm optimization,1,train,none,0.5101800560951233
186,61,186,61,positive data,false positives,1,train,none,0.6659883260726929
137,81,137,81,matrix multiplication,gradient descent,1,train,none,0.3824886679649353
188,127,188,127,positive training example,logistic regression,1,train,none,0.38629162311553955
13,47,13,47,big data sets,deep neural network,1,train,none,0.4979713559150696
229,242,229,242,training data set,overfitting,1,train,none,0.5461381673812866
176,64,176,64,parameter vector,feature scaling,1,train,none,0.45807281136512756
106,60,106,60,labeled data,false negative,1,train,none,0.5292841792106628
130,10,130,10,machine learning,bias problem,1,train,none,0.574369490146637
226,14,226,14,test data set,binary classification,1,train,none,0.4395489990711212
67,182,67,182,feature vector,polynomial kernel,1,train,none,0.4851979613304138
201,183,201,183,regression function,polynomial regression,1,train,none,0.6384309530258179
241,2,241,2,weak classifier,adaboost,1,train,none,0.7024742960929871
63,46,63,46,feature extraction,deep learning,1,train,none,0.5905753374099731
81,158,81,158,gradient descent,neural network,1,train,none,0.5518912076950073
131,207,131,207,machine learning algorithm,sentiment analysis,1,train,none,0.4028097987174988
41,157,41,157,data set,negative example,1,train,none,0.48896560072898865
130,9,130,9,machine learning,bayesian inference,1,train,none,0.4775681495666504
172,60,172,60,output label,false negative,1,train,none,0.5088474750518799
228,188,228,188,training data,positive training example,1,train,none,0.6303362846374512
41,38,41,38,data set,cross validation error,1,train,none,0.5498968362808228
158,1,158,1,neural network,activation values,1,train,none,0.5833467245101929
238,39,238,39,validation set,cross validation sets,1,train,none,0.7927510738372803
10,204,10,204,bias problem,regularization,1,train,none,0.4917111098766327
131,221,131,221,machine learning algorithm,support vector machine,1,train,none,0.6828081607818604
229,188,229,188,training data set,positive training example,1,train,none,0.5456473231315613
228,238,228,238,training data,validation set,1,train,none,0.7146280407905579
69,153,69,153,gaussian density,multivariate gaussian distribution,1,train,none,0.703092098236084
130,232,130,232,machine learning,true negatives,1,train,none,0.40409159660339355
117,121,117,121,linear algebra,linear regression,1,train,none,0.5492324829101562
175,140,175,140,parameter estimation,maximum likelihood,1,train,none,0.6181745529174805
226,191,226,191,test data set,predicted value,1,train,none,0.49031245708465576
198,215,198,215,random variable,standard deviation,1,train,none,0.5469911694526672
230,52,230,52,training error,early stopping,1,train,none,0.46737098693847656
120,74,120,74,linear model,generalized linear models,1,train,none,0.6192428469657898
171,81,171,81,optimization problem,gradient descent,1,train,none,0.6337171196937561
112,18,112,18,learning problem,classification accuracy,1,train,none,0.43991345167160034
53,233,53,233,error analysis,true positives,1,train,none,0.48889604210853577
41,186,41,186,data set,positive data,1,train,none,0.5394938588142395
195,71,195,71,probabilistic model,gaussian model,1,train,none,0.7186827063560486
24,3,24,3,clustering algorithm,agglomerative clustering,1,train,none,0.6997983455657959
152,6,152,6,multi-class classification,back prop,1,train,none,0.30280524492263794
168,32,168,32,optimal solution,conjugate gradient,1,train,none,0.5130555629730225
127,221,127,221,logistic regression,support vector machine,1,train,none,0.5502447485923767
81,144,81,144,gradient descent,mini-batch gradient descent,1,train,none,0.6387940645217896
87,58,87,58,precision,f1 score,1,train,none,0.7885658740997314
112,221,112,221,learning problem,support vector machine,1,train,none,0.5476213693618774
89,121,89,121,hypothesis,linear regression,1,train,none,0.5233979821205139
130,91,130,91,machine learning,image classification,1,train,none,0.5241280198097229
185,20,185,20,positive class,classification error,1,train,none,0.5543649196624756
18,238,18,238,classification accuracy,validation set,1,train,none,0.4833642840385437
133,132,133,132,machine learning system,machine learning application,1,train,none,0.8286416530609131
63,207,63,207,feature extraction,sentiment analysis,1,train,none,0.41232913732528687
128,54,128,54,loss function,error cost function,1,train,none,0.8076575398445129
112,195,112,195,learning problem,probabilistic model,1,train,none,0.47413212060928345
177,7,177,7,partial derivative,batch gradient descent,1,train,none,0.5109536051750183
53,110,53,110,error analysis,learning curve,1,train,none,0.5186072587966919
41,133,41,133,data set,machine learning system,1,train,none,0.5820595026016235
170,128,170,128,optimization objective,loss function,1,train,none,0.7355175614356995
112,133,112,133,learning problem,machine learning system,1,train,none,0.6018208861351013
226,100,226,100,test data set,k means,1,train,none,0.3602731227874756
130,18,130,18,machine learning,classification accuracy,1,train,none,0.4422156810760498
26,64,26,64,features,feature scaling,1,train,none,0.6319454908370972
128,109,128,109,loss function,latent dirichlet allocation,1,train,none,0.11636411398649216
111,108,111,108,learning method,lasso regression,1,train,none,0.41637367010116577
227,242,227,242,test error,overfitting,1,train,none,0.584092378616333
94,42,94,42,input data,decision boundaries,1,train,none,0.4136976897716522
111,241,111,241,learning method,weak classifier,1,train,none,0.47010865807533264
157,44,157,44,negative example,decision tree,1,train,none,0.46075764298439026
229,221,229,221,training data set,support vector machine,1,train,none,0.4535136818885803
41,59,41,59,data set,face detection,1,train,none,0.31894493103027344
63,45,63,45,feature extraction,deep features,1,train,none,0.6450721025466919
188,5,188,5,positive training example,anomaly detection,1,train,none,0.4281976819038391
219,10,219,10,supervised learning,bias problem,1,train,none,0.49587783217430115
130,221,130,221,machine learning,support vector machine,1,train,none,0.5500989556312561
130,24,130,24,machine learning,clustering algorithm,1,train,none,0.4475255310535431
185,158,185,158,positive class,neural network,1,train,none,0.28945213556289673
221,223,221,223,support vector machine,svm packages,1,train,none,0.6910821199417114
26,91,26,91,features,image classification,1,train,none,0.48158174753189087
128,159,128,159,loss function,neural network learning,1,train,none,0.5782626867294312
111,2,111,2,learning method,adaboost,1,train,none,0.40544697642326355
184,204,184,204,polynomial terms,regularization,1,train,none,0.4743102788925171
203,162,203,162,regression problem,normal equation,1,train,none,0.5294976234436035
26,62,26,62,features,feature engineering,1,train,none,0.7759203910827637
242,12,242,12,overfitting,bias variance trade-off,1,train,none,0.7345192432403564
19,16,19,16,classification approach,character recognition,1,train,none,0.3383164405822754
111,207,111,207,learning method,sentiment analysis,1,train,none,0.28363174200057983
190,157,190,157,predicted class,negative example,1,train,none,0.46432697772979736
211,213,211,213,square distances,square projection error,1,train,none,0.5887409448623657
229,237,229,237,training data set,validation error,1,train,none,0.5617687702178955
56,18,56,18,evaluation metrics,classification accuracy,1,train,none,0.7046406269073486
229,96,229,96,training data set,input space,1,train,none,0.4875076115131378
157,152,157,152,negative example,multi-class classification,1,train,none,0.4238111972808838
7,113,7,113,batch gradient descent,learning rate,1,train,none,0.6262151598930359
111,158,111,158,learning method,neural network,1,train,none,0.5584826469421387
158,11,158,11,neural network,bias unit,1,train,none,0.5490690469741821
176,32,176,32,parameter vector,conjugate gradient,1,train,none,0.4713563323020935
242,151,242,151,overfitting,model selection,1,train,none,0.6957155466079712
67,161,67,161,feature vector,nonlinear hypotheses,1,train,none,0.40744641423225403
65,151,65,151,feature selection,model selection,1,train,none,0.7236344218254089
53,61,53,61,error analysis,false positives,1,train,none,0.5697894096374512
219,21,219,21,supervised learning,classification problem,1,train,none,0.6541925072669983
225,58,225,58,test data,f1 score,1,train,none,0.5541173219680786
99,148,99,148,joint model probability,mixture model,1,train,none,0.5571568012237549
111,147,111,147,learning method,misclassification error,1,train,none,0.4024418294429779
117,7,117,7,linear algebra,batch gradient descent,1,train,none,0.30594903230667114
177,159,177,159,partial derivative,neural network learning,1,train,none,0.46159934997558594
67,100,67,100,feature vector,k means,1,train,none,0.3489261567592621
136,57,136,57,matrix factorization,expectation maximization,1,train,none,0.41154754161834717
111,81,111,81,learning method,gradient descent,1,train,none,0.5298562049865723
185,14,185,14,positive class,binary classification,1,train,none,0.6545352935791016
97,54,97,54,input units,error cost function,1,train,none,0.39207708835601807
209,83,209,83,sigmoid function,hidden layer,1,train,none,0.4803096055984497
66,64,66,64,feature space,feature scaling,1,train,none,0.5412042737007141
112,121,112,121,learning problem,linear regression,1,train,none,0.4482015371322632
67,19,67,19,feature vector,classification approach,1,train,none,0.42285579442977905
26,109,26,109,features,latent dirichlet allocation,1,train,none,0.27083927392959595
67,222,67,222,feature vector,svm optimization,1,train,none,0.40764474868774414
226,158,226,158,test data set,neural network,1,train,none,0.43080031871795654
95,68,95,68,input layer,forward propagation,1,train,none,0.5782405138015747
111,118,111,118,learning method,linear classifier,1,train,none,0.5425964593887329
41,27,41,27,data set,computer vision,1,train,none,0.40699121356010437
67,158,67,158,feature vector,neural network,1,train,none,0.5049951076507568
229,121,229,121,training data set,linear regression,1,train,none,0.47398117184638977
177,32,177,32,partial derivative,conjugate gradient,1,train,none,0.4497319757938385
1,6,1,6,activation values,back prop,1,train,none,0.46753397583961487
130,118,130,118,machine learning,linear classifier,1,train,none,0.5386189818382263
68,6,68,6,forward propagation,back prop,1,train,none,0.6669451594352722
131,155,131,155,machine learning algorithm,nearest neighbor search,1,train,none,0.39741724729537964
106,5,106,5,labeled data,anomaly detection,1,train,none,0.47642335295677185
111,206,111,206,learning method,regularized logistic regression,1,train,none,0.33943501114845276
193,178,193,178,principle components,pca algorithm,1,train,none,0.78438800573349
169,80,169,80,optimization algorithms,gradient checking,1,train,none,0.4448930621147156
228,232,228,232,training data,true negatives,1,train,none,0.4670945405960083
21,44,21,44,classification problem,decision tree,1,train,none,0.6271666884422302
106,39,106,39,labeled data,cross validation sets,1,train,none,0.5464218258857727
38,110,38,110,cross validation error,learning curve,1,train,none,0.6794601082801819
76,162,76,162,global minimum,normal equation,1,train,none,0.5103858113288879
198,148,198,148,random variable,mixture model,1,train,none,0.453091561794281
225,16,225,16,test data,character recognition,1,train,none,0.3578774929046631
166,180,166,180,ocr problem,photo ocr,1,train,none,0.8813914656639099
229,10,229,10,training data set,bias problem,1,train,none,0.5299854874610901
225,151,225,151,test data,model selection,1,train,none,0.6300119757652283
41,118,41,118,data set,linear classifier,1,train,none,0.4735250174999237
228,205,228,205,training data,regularized linear regression,1,train,none,0.45196688175201416
229,207,229,207,training data set,sentiment analysis,1,train,none,0.24807685613632202
122,80,122,80,local minimum,gradient checking,1,train,none,0.5114619731903076
41,226,41,226,data set,test data set,1,train,none,0.8733388185501099
128,68,128,68,loss function,forward propagation,1,train,none,0.49132972955703735
41,107,41,107,data set,large margin classifier,1,train,none,0.3931828439235687
130,73,130,73,machine learning,generalization error,1,train,none,0.5602823495864868
111,217,111,217,learning method,stochastic gradient algorithm,1,train,none,0.5667452812194824
185,60,185,60,positive class,false negative,1,train,none,0.699425220489502
229,159,229,159,training data set,neural network learning,1,train,none,0.5471413731575012
20,227,20,227,classification error,test error,1,train,none,0.745601236820221
121,158,121,158,linear regression,neural network,1,train,none,0.4322085976600647
169,68,169,68,optimization algorithms,forward propagation,1,train,none,0.41067594289779663
117,138,117,138,linear algebra,matrix transpose,1,train,none,0.608627200126648
53,60,53,60,error analysis,false negative,1,train,none,0.5787156820297241
8,9,8,9,bayesian approach,bayesian inference,1,train,none,0.7867550849914551
225,37,225,37,test data,cross validation,1,train,none,0.7214757204055786
112,219,112,219,learning problem,supervised learning,1,train,none,0.6746779084205627
151,12,151,12,model selection,bias variance trade-off,1,train,none,0.6806591749191284
111,104,111,104,learning method,kernel regression,1,train,none,0.4560467600822449
36,193,36,193,covariance matrix,principle components,1,train,none,0.67582106590271
165,215,165,215,matrix,standard deviation,1,train,none,0.36022529006004333
130,47,130,47,machine learning,deep neural network,1,train,none,0.5910320281982422
150,151,150,151,model parameters,model selection,1,train,none,0.6367492079734802
67,119,67,119,feature vector,linear kernel,1,train,none,0.5352141261100769
94,12,94,12,input data,bias variance trade-off,1,train,none,0.4281890392303467
84,6,84,6,hidden unit,back prop,1,train,none,0.5447763204574585
226,190,226,190,test data set,predicted class,1,train,none,0.5281252264976501
112,167,112,167,learning problem,online learning,1,train,none,0.4703957438468933
36,178,36,178,covariance matrix,pca algorithm,1,train,none,0.6319700479507446
203,183,203,183,regression problem,polynomial regression,1,train,none,0.5729638934135437
173,68,173,68,output layer,forward propagation,1,train,none,0.6245989203453064
238,38,238,38,validation set,cross validation error,1,train,none,0.7167285084724426
186,118,186,118,positive data,linear classifier,1,train,none,0.4357297420501709
27,179,27,179,computer vision,pedestrian detection,1,train,none,0.634667158126831
111,236,111,236,learning method,unsupervised learning,1,train,none,0.5085548162460327
123,204,123,204,local optima,regularization,1,train,none,0.40656527876853943
220,223,220,223,support vector,svm packages,1,train,none,0.5997198820114136
158,159,158,159,neural network,neural network learning,1,train,none,0.7607373595237732
226,87,226,87,test data set,precision,1,train,none,0.5145384073257446
171,104,171,104,optimization problem,kernel regression,1,train,none,0.3538225293159485
130,183,130,183,machine learning,polynomial regression,1,train,none,0.3484894633293152
130,17,130,17,machine learning,character segmentation,1,train,none,0.3091481328010559
106,58,106,58,labeled data,f1 score,1,train,none,0.49937546253204346
112,15,112,15,learning problem,boosting algorithm,1,train,none,0.4597855508327484
229,16,229,16,training data set,character recognition,1,train,none,0.3434205651283264
87,158,87,158,precision,neural network,1,train,none,0.3409448266029358
227,243,227,243,test error,underfitting,1,train,none,0.5788732767105103
112,91,112,91,learning problem,image classification,1,train,none,0.4392974078655243
128,73,128,73,loss function,generalization error,1,train,none,0.541887640953064
243,204,243,204,underfitting,regularization,1,train,none,0.6638703346252441
112,148,112,148,learning problem,mixture model,1,train,none,0.35868239402770996
112,202,112,202,learning problem,regression model,1,train,none,0.5600044131278992
41,51,41,51,data set,document retrieval,1,train,none,0.3156501054763794
130,60,130,60,machine learning,false negative,1,train,none,0.478118896484375
111,10,111,10,learning method,bias problem,1,train,none,0.48671644926071167
132,199,132,199,machine learning application,recommender system,1,train,none,0.4567416310310364
112,9,112,9,learning problem,bayesian inference,1,train,none,0.5248554348945618
21,42,21,42,classification problem,decision boundaries,1,train,none,0.5832006931304932
240,137,240,137,vector multiplication,matrix multiplication,1,train,none,0.8287248611450195
103,218,103,218,kernel function,string kernel,1,train,none,0.5861451625823975
113,6,113,6,learning rate,back prop,1,train,none,0.41618674993515015
131,205,131,205,machine learning algorithm,regularized linear regression,1,train,none,0.41596901416778564
128,55,128,55,loss function,estimated parameters,1,train,none,0.5189824104309082
111,183,111,183,learning method,polynomial regression,1,train,none,0.3520538806915283
112,65,112,65,learning problem,feature selection,1,train,none,0.5189868807792664
67,127,67,127,feature vector,logistic regression,1,train,none,0.44234466552734375
157,230,157,230,negative example,training error,1,train,none,0.5030335187911987
219,81,219,81,supervised learning,gradient descent,1,train,none,0.5780094861984253
165,223,165,223,matrix,svm packages,1,train,none,0.3459356129169464
198,36,198,36,random variable,covariance matrix,1,train,none,0.467455118894577
168,204,168,204,optimal solution,regularization,1,train,none,0.49199387431144714
67,42,67,42,feature vector,decision boundaries,1,train,none,0.36822015047073364
113,158,113,158,learning rate,neural network,1,train,none,0.45409858226776123
228,95,228,95,training data,input layer,1,train,none,0.45038798451423645
116,140,116,140,likelihood function,maximum likelihood,1,train,none,0.8040949702262878
37,151,37,151,cross validation,model selection,1,train,none,0.7096052169799805
41,14,41,14,data set,binary classification,1,train,none,0.45627617835998535
177,158,177,158,partial derivative,neural network,1,train,none,0.49800002574920654
191,37,191,37,predicted value,cross validation,1,train,none,0.4308609366416931
41,15,41,15,data set,boosting algorithm,1,train,none,0.41835159063339233
112,38,112,38,learning problem,cross validation error,1,train,none,0.5832319855690002
112,229,112,229,learning problem,training data set,1,train,none,0.6387163996696472
220,218,220,218,support vector,string kernel,1,train,none,0.4568631947040558
157,5,157,5,negative example,anomaly detection,1,train,none,0.4648013710975647
169,206,169,206,optimization algorithms,regularized logistic regression,1,train,none,0.344388484954834
112,46,112,46,learning problem,deep learning,1,train,none,0.497503399848938
113,167,113,167,learning rate,online learning,1,train,none,0.5214829444885254
112,127,112,127,learning problem,logistic regression,1,train,none,0.4749806225299835
131,128,131,128,machine learning algorithm,loss function,1,train,none,0.5864728689193726
227,110,227,110,test error,learning curve,1,train,none,0.6227434873580933
225,121,225,121,test data,linear regression,1,train,none,0.43766987323760986
228,38,228,38,training data,cross validation error,1,train,none,0.6483889222145081
229,243,229,243,training data set,underfitting,1,train,none,0.5346568822860718
87,31,87,31,precision,confusion matrix,1,train,none,0.7410585880279541
111,7,111,7,learning method,batch gradient descent,1,train,none,0.5350494384765625
130,109,130,109,machine learning,latent dirichlet allocation,1,train,none,0.2601524889469147
23,22,23,22,cluster,cluster center,1,train,none,0.6955273151397705
169,131,169,131,optimization algorithms,machine learning algorithm,1,train,none,0.7221379280090332
227,10,227,10,test error,bias problem,1,train,none,0.5784107446670532
130,67,130,67,machine learning,feature vector,1,train,none,0.479014128446579
111,24,111,24,learning method,clustering algorithm,1,train,none,0.5631963014602661
187,88,187,88,positive predictions,recall,1,train,none,0.7419323921203613
150,242,150,242,model parameters,overfitting,1,train,none,0.6102365851402283
81,6,81,6,gradient descent,back prop,1,train,none,0.517733097076416
131,208,131,208,machine learning algorithm,sentiment classifier,1,train,none,0.4858952760696411
99,109,99,109,joint model probability,latent dirichlet allocation,1,train,none,0.37143176794052124
41,91,41,91,data set,image classification,1,train,none,0.37204381823539734
1,0,1,0,activation values,activation function,1,train,none,0.799693763256073
118,74,118,74,linear classifier,generalized linear models,1,train,none,0.43295150995254517
107,221,107,221,large margin classifier,support vector machine,1,train,none,0.6374870538711548
229,95,229,95,training data set,input layer,1,train,none,0.43670982122421265
95,159,95,159,input layer,neural network learning,1,train,none,0.6901368498802185
106,188,106,188,labeled data,positive training example,1,train,none,0.5108126401901245
112,66,112,66,learning problem,feature space,1,train,none,0.5110388994216919
186,206,186,206,positive data,regularized logistic regression,1,train,none,0.36454445123672485
90,138,90,138,identity matrics,matrix transpose,1,train,none,0.5502326488494873
228,144,228,144,training data,mini-batch gradient descent,1,train,none,0.3598848879337311
243,151,243,151,underfitting,model selection,1,train,none,0.5741624236106873
13,51,13,51,big data sets,document retrieval,1,train,none,0.33969736099243164
114,111,114,111,learning system,learning method,1,train,none,0.6714316606521606
0,68,0,68,activation function,forward propagation,1,train,none,0.563094973564148
157,88,157,88,negative example,recall,1,train,none,0.6002072691917419
192,37,192,37,prediction error,cross validation,1,train,none,0.6136772036552429
170,7,170,7,optimization objective,batch gradient descent,1,train,none,0.44611072540283203
88,110,88,110,recall,learning curve,1,train,none,0.4966920018196106
26,59,26,59,features,face detection,1,train,none,0.42968320846557617
170,205,170,205,optimization objective,regularized linear regression,1,train,none,0.45926690101623535
88,31,88,31,recall,confusion matrix,1,train,none,0.7832269072532654
130,133,130,133,machine learning,machine learning system,1,train,none,0.7692063450813293
41,221,41,221,data set,support vector machine,1,train,none,0.42143720388412476
115,214,115,214,least squares,squared error,1,train,none,0.676200270652771
238,37,238,37,validation set,cross validation,1,train,none,0.7670119404792786
56,58,56,58,evaluation metrics,f1 score,1,train,none,0.7027183175086975
146,158,146,158,minimization problem,neural network,1,train,none,0.5371873378753662
169,121,169,121,optimization algorithms,linear regression,1,train,none,0.4103701114654541
192,230,192,230,prediction error,training error,1,train,none,0.8312743902206421
112,111,112,111,learning problem,learning method,1,train,none,0.7113588452339172
229,206,229,206,training data set,regularized logistic regression,1,train,none,0.3468090891838074
130,79,130,79,machine learning,gradient ascent,1,train,none,0.5219036340713501
114,118,114,118,learning system,linear classifier,1,train,none,0.5469094514846802
84,1,84,1,hidden unit,activation values,1,train,none,0.5693262815475464
238,151,238,151,validation set,model selection,1,train,none,0.6865702867507935
93,127,93,127,inner product,logistic regression,1,train,none,0.27887868881225586
186,220,186,220,positive data,support vector,1,train,none,0.4854804575443268
118,46,118,46,linear classifier,deep learning,1,train,none,0.5112676024436951
26,202,26,202,features,regression model,1,train,none,0.5678607821464539
240,139,240,139,vector multiplication,matrix vector multiplication,1,train,none,0.8744271397590637
128,6,128,6,loss function,back prop,1,train,none,0.5164549350738525
106,18,106,18,labeled data,classification accuracy,1,train,none,0.5169098377227783
224,71,224,71,symmetric matrix,gaussian model,1,train,none,0.38810670375823975
26,205,26,205,features,regularized linear regression,1,train,none,0.4714644253253937
106,219,106,219,labeled data,supervised learning,1,train,none,0.765677809715271
111,6,111,6,learning method,back prop,1,train,none,0.41462233662605286
114,127,114,127,learning system,logistic regression,1,train,none,0.45016154646873474
112,222,112,222,learning problem,svm optimization,1,train,none,0.5359468460083008
228,203,228,203,training data,regression problem,1,train,none,0.5699292421340942
134,10,134,10,massive training set,bias problem,1,train,none,0.5003269910812378
165,158,165,158,matrix,neural network,1,train,none,0.5525329113006592
106,4,106,4,labeled data,anomalous example,1,train,none,0.3629683256149292
181,66,181,66,polynomial features,feature space,1,train,none,0.6160950064659119
226,207,226,207,test data set,sentiment analysis,1,train,none,0.23483729362487793
176,151,176,151,parameter vector,model selection,1,train,none,0.5158028602600098
225,39,225,39,test data,cross validation sets,1,train,none,0.6234079003334045
111,159,111,159,learning method,neural network learning,1,train,none,0.6296433210372925
111,219,111,219,learning method,supervised learning,1,train,none,0.709358274936676
201,121,201,121,regression function,linear regression,1,train,none,0.7565176486968994
149,12,149,12,model complexity,bias variance trade-off,1,train,none,0.6671696901321411
117,152,117,152,linear algebra,multi-class classification,1,train,none,0.3382512331008911
176,81,176,81,parameter vector,gradient descent,1,train,none,0.5915431976318359
219,203,219,203,supervised learning,regression problem,1,train,none,0.5913177132606506
130,228,130,228,machine learning,training data,1,train,none,0.6726860404014587
111,222,111,222,learning method,svm optimization,1,train,none,0.5352113842964172
123,177,123,177,local optima,partial derivative,1,train,none,0.4533494710922241
198,196,198,196,random variable,probability density,1,train,none,0.5802642107009888
6,159,6,159,back prop,neural network learning,1,train,none,0.5514421463012695
229,73,229,73,training data set,generalization error,1,train,none,0.5669413208961487
45,47,45,47,deep features,deep neural network,1,train,none,0.7294991612434387
225,61,225,61,test data,false positives,1,train,none,0.5181800723075867
219,127,219,127,supervised learning,logistic regression,1,train,none,0.5250519514083862
212,138,212,138,square matrix,matrix transpose,1,train,none,0.6892263889312744
19,14,19,14,classification approach,binary classification,1,train,none,0.664863109588623
226,37,226,37,test data set,cross validation,1,train,none,0.6651148796081543
41,18,41,18,data set,classification accuracy,1,train,none,0.41095584630966187
79,217,79,217,gradient ascent,stochastic gradient algorithm,1,train,none,0.652018666267395
93,171,93,171,inner product,optimization problem,1,train,none,0.24424980580806732
56,230,56,230,evaluation metrics,training error,1,train,none,0.6318314671516418
89,73,89,73,hypothesis,generalization error,1,train,none,0.5949530601501465
86,181,86,181,high order polynomial,polynomial features,1,train,none,0.7384739518165588
176,204,176,204,parameter vector,regularization,1,train,none,0.5167867541313171
37,38,37,38,cross validation,cross validation error,1,train,none,0.7426426410675049
111,167,111,167,learning method,online learning,1,train,none,0.6074386835098267
117,25,117,25,linear algebra,collaborative filtering,1,train,none,0.3680925965309143
212,211,212,211,square matrix,square distances,1,train,none,0.5234886407852173
98,7,98,7,iterative algorithm,batch gradient descent,1,train,none,0.6030818819999695
112,64,112,64,learning problem,feature scaling,1,train,none,0.38268089294433594
224,69,224,69,symmetric matrix,gaussian density,1,train,none,0.38679271936416626
202,183,202,183,regression model,polynomial regression,1,train,none,0.6137670874595642
161,158,161,158,nonlinear hypotheses,neural network,1,train,none,0.5059624314308167
190,20,190,20,predicted class,classification error,1,train,none,0.7546460628509521
26,231,26,231,features,transfer learning,1,train,none,0.48871278762817383
226,10,226,10,test data set,bias problem,1,train,none,0.49156075716018677
26,203,26,203,features,regression problem,1,train,none,0.4669879674911499
78,79,78,79,gradient algorithm,gradient ascent,1,train,none,0.834160566329956
112,26,112,26,learning problem,features,1,train,none,0.5268630385398865
131,118,131,118,machine learning algorithm,linear classifier,1,train,none,0.598801851272583
169,109,169,109,optimization algorithms,latent dirichlet allocation,1,train,none,0.17178340256214142
204,206,204,206,regularization,regularized logistic regression,1,train,none,0.8080837726593018
94,114,94,114,input data,learning system,1,train,none,0.6374194025993347
228,37,228,37,training data,cross validation,1,train,none,0.6617704629898071
112,42,112,42,learning problem,decision boundaries,1,train,none,0.53511643409729
228,242,228,242,training data,overfitting,1,train,none,0.6385585069656372
112,89,112,89,learning problem,hypothesis,1,train,none,0.6736243963241577
226,110,226,110,test data set,learning curve,1,train,none,0.5706568360328674
111,19,111,19,learning method,classification approach,1,train,none,0.7386230230331421
128,206,128,206,loss function,regularized logistic regression,1,train,none,0.37767690420150757
114,12,114,12,learning system,bias variance trade-off,1,train,none,0.47020024061203003
225,242,225,242,test data,overfitting,1,train,none,0.6208590269088745
228,167,228,167,training data,online learning,1,train,none,0.506818950176239
150,55,150,55,model parameters,estimated parameters,1,train,none,0.8641940355300903
130,51,130,51,machine learning,document retrieval,1,train,none,0.4678696095943451
111,202,111,202,learning method,regression model,1,train,none,0.5723364353179932
89,205,89,205,hypothesis,regularized linear regression,1,train,none,0.44891858100891113
228,160,228,160,training data,non-anomalous examples,1,train,none,0.4858902096748352
219,39,219,39,supervised learning,cross validation sets,1,train,none,0.5279558897018433
113,217,113,217,learning rate,stochastic gradient algorithm,1,train,none,0.5288281440734863
41,75,41,75,data set,gibbs sampler,1,train,none,0.2702934741973877
7,144,7,144,batch gradient descent,mini-batch gradient descent,1,train,none,0.7821693420410156
41,94,41,94,data set,input data,1,train,none,0.6784670352935791
219,18,219,18,supervised learning,classification accuracy,1,train,none,0.5341590642929077
130,83,130,83,machine learning,hidden layer,1,train,none,0.546802818775177
130,121,130,121,machine learning,linear regression,1,train,none,0.5245688557624817
111,150,111,150,learning method,model parameters,1,train,none,0.4784587025642395
130,39,130,39,machine learning,cross validation sets,1,train,none,0.44247865676879883
94,208,94,208,input data,sentiment classifier,1,train,none,0.42013561725616455
114,17,114,17,learning system,character segmentation,1,train,none,0.3084154725074768
94,67,94,67,input data,feature vector,1,train,none,0.5713422298431396
89,118,89,118,hypothesis,linear classifier,1,train,none,0.4737966060638428
226,18,226,18,test data set,classification accuracy,1,train,none,0.5110185146331787
122,159,122,159,local minimum,neural network learning,1,train,none,0.537547767162323
48,121,48,121,derivative term,linear regression,1,train,none,0.39543184638023376
48,127,48,127,derivative term,logistic regression,1,train,none,0.3051946759223938
122,177,122,177,local minimum,partial derivative,1,train,none,0.40993160009384155
41,130,41,130,data set,machine learning,1,train,none,0.5821434259414673
165,31,165,31,matrix,confusion matrix,1,train,none,0.4548152685165405
176,73,176,73,parameter vector,generalization error,1,train,none,0.46690359711647034
214,6,214,6,squared error,back prop,1,train,none,0.3672209084033966
19,152,19,152,classification approach,multi-class classification,1,train,none,0.6541901230812073
66,161,66,161,feature space,nonlinear hypotheses,1,train,none,0.4869922399520874
88,12,88,12,recall,bias variance trade-off,1,train,none,0.44199424982070923
114,26,114,26,learning system,features,1,train,none,0.5865888595581055
136,158,136,158,matrix factorization,neural network,1,train,none,0.31751519441604614
128,205,128,205,loss function,regularized linear regression,1,train,none,0.3965360224246979
95,54,95,54,input layer,error cost function,1,train,none,0.4862368106842041
156,101,156,101,nearest neighbors,k nearest neighbors,1,train,none,0.8958646059036255
38,149,38,149,cross validation error,model complexity,1,train,none,0.5455966591835022
94,229,94,229,input data,training data set,1,train,none,0.6328235268592834
176,183,176,183,parameter vector,polynomial regression,1,train,none,0.37257054448127747
176,205,176,205,parameter vector,regularized linear regression,1,train,none,0.45576924085617065
168,217,168,217,optimal solution,stochastic gradient algorithm,1,train,none,0.4615940749645233
212,213,212,213,square matrix,square projection error,1,train,none,0.5858396887779236
165,127,165,127,matrix,logistic regression,1,train,none,0.3043016195297241
242,52,242,52,overfitting,early stopping,1,train,none,0.5985308885574341
185,233,185,233,positive class,true positives,1,train,none,0.7385684251785278
165,224,165,224,matrix,symmetric matrix,1,train,none,0.6398391723632812
225,18,225,18,test data,classification accuracy,1,train,none,0.4907578229904175
157,61,157,61,negative example,false positives,1,train,none,0.6264241933822632
165,135,165,135,matrix,matrix addition,1,train,none,0.6880102753639221
41,158,41,158,data set,neural network,1,train,none,0.4585586190223694
115,216,115,216,least squares,standard least squares,1,train,none,0.9108565449714661
229,144,229,144,training data set,mini-batch gradient descent,1,train,none,0.3961295187473297
173,54,173,54,output layer,error cost function,1,train,none,0.5064269304275513
236,57,236,57,unsupervised learning,expectation maximization,1,train,none,0.5576155185699463
219,37,219,37,supervised learning,cross validation,1,train,none,0.5964853763580322
53,20,53,20,error analysis,classification error,1,train,none,0.7809313535690308
70,104,70,104,gaussian kernel,kernel regression,1,train,none,0.7411951422691345
157,127,157,127,negative example,logistic regression,1,train,none,0.36964377760887146
191,25,191,25,predicted value,collaborative filtering,1,train,none,0.2550055682659149
191,87,191,87,predicted value,precision,1,train,none,0.4692310094833374
44,43,44,43,decision tree,decision stamp,1,train,none,0.653242826461792
187,118,187,118,positive predictions,linear classifier,1,train,none,0.412309855222702
41,3,41,3,data set,agglomerative clustering,1,train,none,0.31622114777565
36,195,36,195,covariance matrix,probabilistic model,1,train,none,0.40497156977653503
171,146,171,146,optimization problem,minimization problem,1,train,none,0.7749440670013428
93,107,93,107,inner product,large margin classifier,1,train,none,0.2683262526988983
41,203,41,203,data set,regression problem,1,train,none,0.4392285943031311
130,120,130,120,machine learning,linear model,1,train,none,0.56095290184021
114,152,114,152,learning system,multi-class classification,1,train,none,0.41671523451805115
26,43,26,43,features,decision stamp,1,train,none,0.3660337030887604
117,162,117,162,linear algebra,normal equation,1,train,none,0.5047200918197632
209,0,209,0,sigmoid function,activation function,1,train,none,0.7262243032455444
88,189,88,189,recall,precision recall curve,1,train,none,0.7345697283744812
106,88,106,88,labeled data,recall,1,train,none,0.5155068039894104
117,177,117,177,linear algebra,partial derivative,1,train,none,0.35729268193244934
128,10,128,10,loss function,bias problem,1,train,none,0.47736847400665283
94,66,94,66,input data,feature space,1,train,none,0.548255980014801
97,68,97,68,input units,forward propagation,1,train,none,0.5222330093383789
41,92,41,92,data set,image retrieval,1,train,none,0.2863445580005646
176,222,176,222,parameter vector,svm optimization,1,train,none,0.5304148197174072
130,46,130,46,machine learning,deep learning,1,train,none,0.7586750388145447
112,5,112,5,learning problem,anomaly detection,1,train,none,0.5077874660491943
127,74,127,74,logistic regression,generalized linear models,1,train,none,0.5944697856903076
24,102,24,102,clustering algorithm,k-means objective,1,train,none,0.667475700378418
228,162,228,162,training data,normal equation,1,train,none,0.43269336223602295
112,45,112,45,learning problem,deep features,1,train,none,0.38143032789230347
171,170,171,170,optimization problem,optimization objective,1,train,none,0.7825403809547424
23,24,23,24,cluster,clustering algorithm,1,train,none,0.846596360206604
185,88,185,88,positive class,recall,1,train,none,0.6876213550567627
111,127,111,127,learning method,logistic regression,1,train,none,0.433870404958725
123,128,123,128,local optima,loss function,1,train,none,0.5041208863258362
22,100,22,100,cluster center,k means,1,train,none,0.7125790119171143
128,33,128,33,loss function,convergence test,1,train,none,0.4291137158870697
67,25,67,25,feature vector,collaborative filtering,1,train,none,0.27004295587539673
112,21,112,21,learning problem,classification problem,1,train,none,0.7349330186843872
66,118,66,118,feature space,linear classifier,1,train,none,0.5825323462486267
229,17,229,17,training data set,character segmentation,1,train,none,0.2595773935317993
67,220,67,220,feature vector,support vector,1,train,none,0.6294156908988953
112,19,112,19,learning problem,classification approach,1,train,none,0.6316553950309753
112,17,112,17,learning problem,character segmentation,1,train,none,0.2753954529762268
41,131,41,131,data set,machine learning algorithm,1,train,none,0.565638542175293
225,167,225,167,test data,online learning,1,train,none,0.4046356678009033
66,220,66,220,feature space,support vector,1,train,none,0.6774671673774719
236,24,236,24,unsupervised learning,clustering algorithm,1,train,none,0.6900282502174377
158,84,158,84,neural network,hidden unit,1,train,none,0.7489750981330872
229,167,229,167,training data set,online learning,1,train,none,0.4699332118034363
165,129,165,129,matrix,low rank matrix,1,train,none,0.528628408908844
88,58,88,58,recall,f1 score,1,train,none,0.8064937591552734
229,97,229,97,training data set,input units,1,train,none,0.4137468934059143
83,54,83,54,hidden layer,error cost function,1,train,none,0.4527100622653961
130,26,130,26,machine learning,features,1,train,none,0.5523092150688171
170,183,170,183,optimization objective,polynomial regression,1,train,none,0.35017040371894836
121,183,121,183,linear regression,polynomial regression,1,train,none,0.6982806324958801
66,158,66,158,feature space,neural network,1,train,none,0.4543134272098541
94,152,94,152,input data,multi-class classification,1,train,none,0.372988224029541
225,60,225,60,test data,false negative,1,train,none,0.5725535154342651
171,35,171,35,optimization problem,coordinate descent,1,train,none,0.4902147054672241
125,8,125,8,log likelihood,bayesian approach,1,train,none,0.4594234824180603
226,151,226,151,test data set,model selection,1,train,none,0.570554792881012
226,238,226,238,test data set,validation set,1,train,none,0.8347868919372559
130,25,130,25,machine learning,collaborative filtering,1,train,none,0.39911216497421265
177,169,177,169,partial derivative,optimization algorithms,1,train,none,0.4400148391723633
226,219,226,219,test data set,supervised learning,1,train,none,0.5667580366134644
229,37,229,37,training data set,cross validation,1,train,none,0.5962690711021423
226,127,226,127,test data set,logistic regression,1,train,none,0.40517234802246094
221,103,221,103,support vector machine,kernel function,1,train,none,0.7149264812469482
111,46,111,46,learning method,deep learning,1,train,none,0.4663556218147278
228,46,228,46,training data,deep learning,1,train,none,0.5441175699234009
99,75,99,75,joint model probability,gibbs sampler,1,train,none,0.502684473991394
197,198,197,198,random numbers,random variable,1,train,none,0.6947570443153381
229,183,229,183,training data set,polynomial regression,1,train,none,0.2994973957538605
111,152,111,152,learning method,multi-class classification,1,train,none,0.44526025652885437
228,17,228,17,training data,character segmentation,1,train,none,0.32292166352272034
186,152,186,152,positive data,multi-class classification,1,train,none,0.4223862886428833
221,222,221,222,support vector machine,svm optimization,1,train,none,0.7414025664329529
226,121,226,121,test data set,linear regression,1,train,none,0.4674755930900574
4,5,4,5,anomalous example,anomaly detection,1,train,none,0.78556889295578
114,210,114,210,learning system,spam filtering,1,train,none,0.43584683537483215
121,108,121,108,linear regression,lasso regression,1,train,none,0.6441167593002319
41,148,41,148,data set,mixture model,1,train,none,0.3172433376312256
228,44,228,44,training data,decision tree,1,train,none,0.6024471521377563
21,20,21,20,classification problem,classification error,1,train,none,0.6523828506469727
229,158,229,158,training data set,neural network,1,train,none,0.5331915616989136
19,127,19,127,classification approach,logistic regression,1,train,none,0.5629183053970337
237,38,237,38,validation error,cross validation error,1,train,none,0.8205922842025757
27,92,27,92,computer vision,image retrieval,1,train,none,0.4962727427482605
19,239,19,239,classification approach,variance problem,1,train,none,0.3401869535446167
87,110,87,110,precision,learning curve,1,train,none,0.4590035378932953
18,61,18,61,classification accuracy,false positives,1,train,none,0.661636233329773
130,233,130,233,machine learning,true positives,1,train,none,0.3940443694591522
221,218,221,218,support vector machine,string kernel,1,train,none,0.5042473077774048
67,193,67,193,feature vector,principle components,1,train,none,0.559400737285614
113,33,113,33,learning rate,convergence test,1,train,none,0.5885847210884094
16,17,16,17,character recognition,character segmentation,1,train,none,0.7307542562484741
26,68,26,68,features,forward propagation,1,train,none,0.3560108542442322
157,221,157,221,negative example,support vector machine,1,train,none,0.3823254704475403
106,91,106,91,labeled data,image classification,1,train,none,0.577867329120636
67,221,67,221,feature vector,support vector machine,1,train,none,0.5762343406677246
61,189,61,189,false positives,precision recall curve,1,train,none,0.6474822759628296
234,12,234,12,tuning parameter,bias variance trade-off,1,train,none,0.5556635856628418
90,153,90,153,identity matrics,multivariate gaussian distribution,1,train,none,0.3014287054538727
130,65,130,65,machine learning,feature selection,1,train,none,0.5330101251602173
133,199,133,199,machine learning system,recommender system,1,train,none,0.4654844403266907
233,31,233,31,true positives,confusion matrix,1,train,none,0.7251060009002686
41,25,41,25,data set,collaborative filtering,1,train,none,0.2680707275867462
226,58,226,58,test data set,f1 score,1,train,none,0.5173428058624268
165,175,165,175,matrix,parameter estimation,1,train,none,0.3186686038970947
226,60,226,60,test data set,false negative,1,train,none,0.5203441381454468
112,151,112,151,learning problem,model selection,1,train,none,0.5536423921585083
157,53,157,53,negative example,error analysis,1,train,none,0.42139196395874023
225,38,225,38,test data,cross validation error,1,train,none,0.6646454930305481
117,217,117,217,linear algebra,stochastic gradient algorithm,1,train,none,0.3590877056121826
128,158,128,158,loss function,neural network,1,train,none,0.5487658977508545
90,69,90,69,identity matrics,gaussian density,1,train,none,0.2886870503425598
77,159,77,159,global optimum,neural network learning,1,train,none,0.5175182819366455
48,159,48,159,derivative term,neural network learning,1,train,none,0.525224506855011
169,7,169,7,optimization algorithms,batch gradient descent,1,train,none,0.609085202217102
226,233,226,233,test data set,true positives,1,train,none,0.43150296807289124
228,6,228,6,training data,back prop,1,train,none,0.3797963261604309
220,221,220,221,support vector,support vector machine,1,train,none,0.8173168301582336
157,18,157,18,negative example,classification accuracy,1,train,none,0.4297941029071808
42,220,42,220,decision boundaries,support vector,1,train,none,0.5992933511734009
111,221,111,221,learning method,support vector machine,1,train,none,0.616269588470459
69,75,69,75,gaussian density,gibbs sampler,1,train,none,0.4447324872016907
20,230,20,230,classification error,training error,1,train,none,0.7886317372322083
165,32,165,32,matrix,conjugate gradient,1,train,none,0.3950037360191345
225,44,225,44,test data,decision tree,1,train,none,0.5341676473617554
229,39,229,39,training data set,cross validation sets,1,train,none,0.6928960680961609
67,213,67,213,feature vector,square projection error,1,train,none,0.4449250400066376
194,109,194,109,prior probability,latent dirichlet allocation,1,train,none,0.43192005157470703
140,9,140,9,maximum likelihood,bayesian inference,1,train,none,0.49552467465400696
229,219,229,219,training data set,supervised learning,1,train,none,0.6262703537940979
226,243,226,243,test data set,underfitting,1,train,none,0.5319706201553345
157,87,157,87,negative example,precision,1,train,none,0.4961813688278198
118,47,118,47,linear classifier,deep neural network,1,train,none,0.5346169471740723
131,121,131,121,machine learning algorithm,linear regression,1,train,none,0.5240837931632996
213,178,213,178,square projection error,pca algorithm,1,train,none,0.5825111269950867
111,42,111,42,learning method,decision boundaries,1,train,none,0.4550014138221741
232,31,232,31,true negatives,confusion matrix,1,train,none,0.725529670715332
228,14,228,14,training data,binary classification,1,train,none,0.5142256021499634
122,6,122,6,local minimum,back prop,1,train,none,0.3580161929130554
158,6,158,6,neural network,back prop,1,train,none,0.587295651435852
121,162,121,162,linear regression,normal equation,1,train,none,0.6012266278266907
132,180,132,180,machine learning application,photo ocr,1,train,none,0.23847222328186035
19,158,19,158,classification approach,neural network,1,train,none,0.47831055521965027
171,169,171,169,optimization problem,optimization algorithms,1,train,none,0.7308970093727112
161,68,161,68,nonlinear hypotheses,forward propagation,1,train,none,0.4285373389720917
128,221,128,221,loss function,support vector machine,1,train,none,0.4465903043746948
228,239,228,239,training data,variance problem,1,train,none,0.5242663025856018
1,68,1,68,activation values,forward propagation,1,train,none,0.5585500597953796
40,26,40,26,data representation,features,1,train,none,0.6689106822013855
81,113,81,113,gradient descent,learning rate,1,train,none,0.706639289855957
26,44,26,44,features,decision tree,1,train,none,0.580129861831665
84,83,84,83,hidden unit,hidden layer,1,train,none,0.844260573387146
170,81,170,81,optimization objective,gradient descent,1,train,none,0.6109166145324707
48,169,48,169,derivative term,optimization algorithms,1,train,none,0.5521721243858337
226,239,226,239,test data set,variance problem,1,train,none,0.43897339701652527
155,101,155,101,nearest neighbor search,k nearest neighbors,1,train,none,0.8318264484405518
130,63,130,63,machine learning,feature extraction,1,train,none,0.5133307576179504
111,121,111,121,learning method,linear regression,1,train,none,0.47398993372917175
177,81,177,81,partial derivative,gradient descent,1,train,none,0.5000271797180176
94,120,94,120,input data,linear model,1,train,none,0.5383382439613342
41,49,41,49,data set,design matrix,1,train,none,0.4949696362018585
185,221,185,221,positive class,support vector machine,1,train,none,0.4307788014411926
170,162,170,162,optimization objective,normal equation,1,train,none,0.49011895060539246
190,87,190,87,predicted class,precision,1,train,none,0.6452720165252686
219,5,219,5,supervised learning,anomaly detection,1,train,none,0.5076867938041687
224,154,224,154,symmetric matrix,multivariate gaussian model,1,train,none,0.4355282485485077
106,61,106,61,labeled data,false positives,1,train,none,0.49136191606521606
130,2,130,2,machine learning,adaboost,1,train,none,0.40132078528404236
41,24,41,24,data set,clustering algorithm,1,train,none,0.4673793315887451
111,179,111,179,learning method,pedestrian detection,1,train,none,0.1949111819267273
158,0,158,0,neural network,activation function,1,train,none,0.6387234926223755
123,222,123,222,local optima,svm optimization,1,train,none,0.40624913573265076
26,183,26,183,features,polynomial regression,1,train,none,0.36535483598709106
131,15,131,15,machine learning algorithm,boosting algorithm,1,train,none,0.563877284526825
67,118,67,118,feature vector,linear classifier,1,train,none,0.5622981786727905
37,149,37,149,cross validation,model complexity,1,train,none,0.5527187585830688
21,127,21,127,classification problem,logistic regression,1,train,none,0.6256396770477295
71,154,71,154,gaussian model,multivariate gaussian model,1,train,none,0.8442507982254028
93,115,93,115,inner product,least squares,1,train,none,0.3890833854675293
150,128,150,128,model parameters,loss function,1,train,none,0.5110794901847839
176,68,176,68,parameter vector,forward propagation,1,train,none,0.5135163068771362
186,107,186,107,positive data,large margin classifier,1,train,none,0.4644501209259033
60,31,60,31,false negative,confusion matrix,1,train,none,0.7519098520278931
168,162,168,162,optimal solution,normal equation,1,train,none,0.495121031999588
94,202,94,202,input data,regression model,1,train,none,0.5264817476272583
228,96,228,96,training data,input space,1,train,none,0.511499285697937
185,152,185,152,positive class,multi-class classification,1,train,none,0.542156457901001
26,27,26,27,features,computer vision,1,train,none,0.4967472553253174
228,179,228,179,training data,pedestrian detection,1,train,none,0.270324170589447
184,205,184,205,polynomial terms,regularized linear regression,1,train,none,0.4803813695907593
20,31,20,31,classification error,confusion matrix,1,train,none,0.7967306971549988
67,49,67,49,feature vector,design matrix,1,train,none,0.5734418630599976
204,205,204,205,regularization,regularized linear regression,1,train,none,0.8800753355026245
130,20,130,20,machine learning,classification error,1,train,none,0.5562664270401001
200,121,200,121,regression coefficients,linear regression,1,train,none,0.7406996488571167
227,73,227,73,test error,generalization error,1,train,none,0.7310081720352173
133,210,133,210,machine learning system,spam filtering,1,train,none,0.4442192316055298
123,221,123,221,local optima,support vector machine,1,train,none,0.2417764961719513
171,131,171,131,optimization problem,machine learning algorithm,1,train,none,0.5969556570053101
26,206,26,206,features,regularized logistic regression,1,train,none,0.4017190933227539
186,19,186,19,positive data,classification approach,1,train,none,0.48121532797813416
81,159,81,159,gradient descent,neural network learning,1,train,none,0.7113381624221802
130,127,130,127,machine learning,logistic regression,1,train,none,0.4892740249633789
131,206,131,206,machine learning algorithm,regularized logistic regression,1,train,none,0.4107203185558319
131,9,131,9,machine learning algorithm,bayesian inference,1,train,none,0.45666083693504333
243,237,243,237,underfitting,validation error,1,train,none,0.6138119697570801
170,110,170,110,optimization objective,learning curve,1,train,none,0.4866604208946228
228,65,228,65,training data,feature selection,1,train,none,0.5889318585395813
229,4,229,4,training data set,anomalous example,1,train,none,0.38595134019851685
157,219,157,219,negative example,supervised learning,1,train,none,0.41123539209365845
24,85,24,85,clustering algorithm,hierarchical clustering,1,train,none,0.721472978591919
26,151,26,151,features,model selection,1,train,none,0.608117938041687
65,62,65,62,feature selection,feature engineering,1,train,none,0.7461912035942078
112,16,112,16,learning problem,character recognition,1,train,none,0.37563851475715637
26,118,26,118,features,linear classifier,1,train,none,0.5867354869842529
73,10,73,10,generalization error,bias problem,1,train,none,0.672133207321167
150,9,150,9,model parameters,bayesian inference,1,train,none,0.36871522665023804
41,106,41,106,data set,labeled data,1,train,none,0.6972103118896484
229,25,229,25,training data set,collaborative filtering,1,train,none,0.26868754625320435
67,243,67,243,feature vector,underfitting,1,train,none,0.33399516344070435
220,119,220,119,support vector,linear kernel,1,train,none,0.6569231748580933
40,62,40,62,data representation,feature engineering,1,train,none,0.638056755065918
204,105,204,105,regularization,l1 penalty,1,train,none,0.7133703231811523
123,35,123,35,local optima,coordinate descent,1,train,none,0.4452059864997864
168,221,168,221,optimal solution,support vector machine,1,train,none,0.43187206983566284
196,71,196,71,probability density,gaussian model,1,train,none,0.6717349290847778
229,134,229,134,training data set,massive training set,1,train,none,0.6865845322608948
66,121,66,121,feature space,linear regression,1,train,none,0.46020740270614624
114,121,114,121,learning system,linear regression,1,train,none,0.5452912449836731
89,202,89,202,hypothesis,regression model,1,train,none,0.5788841843605042
131,12,131,12,machine learning algorithm,bias variance trade-off,1,train,none,0.46569356322288513
26,167,26,167,features,online learning,1,train,none,0.36549460887908936
174,6,174,6,output unit,back prop,1,train,none,0.5082144737243652
84,0,84,0,hidden unit,activation function,1,train,none,0.624427080154419
225,207,225,207,test data,sentiment analysis,1,train,none,0.24839317798614502
112,210,112,210,learning problem,spam filtering,1,train,none,0.4232507646083832
131,148,131,148,machine learning algorithm,mixture model,1,train,none,0.31711843609809875
201,108,201,108,regression function,lasso regression,1,train,none,0.524832010269165
229,38,229,38,training data set,cross validation error,1,train,none,0.6316011548042297
112,132,112,132,learning problem,machine learning application,1,train,none,0.6052325963973999
89,206,89,206,hypothesis,regularized logistic regression,1,train,none,0.42371729016304016
41,20,41,20,data set,classification error,1,train,none,0.4701094627380371
220,222,220,222,support vector,svm optimization,1,train,none,0.7457113265991211
99,9,99,9,joint model probability,bayesian inference,1,train,none,0.5560579895973206
69,71,69,71,gaussian density,gaussian model,1,train,none,0.7312275171279907
130,52,130,52,machine learning,early stopping,1,train,none,0.4816649854183197
130,103,130,103,machine learning,kernel function,1,train,none,0.5109577775001526
49,162,49,162,design matrix,normal equation,1,train,none,0.5446618795394897
63,158,63,158,feature extraction,neural network,1,train,none,0.5550549626350403
131,152,131,152,machine learning algorithm,multi-class classification,1,train,none,0.4625624120235443
118,127,118,127,linear classifier,logistic regression,1,train,none,0.5678290128707886
226,205,226,205,test data set,regularized linear regression,1,train,none,0.40636736154556274
243,38,243,38,underfitting,cross validation error,1,train,none,0.5882582068443298
128,217,128,217,loss function,stochastic gradient algorithm,1,train,none,0.5491851568222046
225,189,225,189,test data,precision recall curve,1,train,none,0.46252375841140747
136,25,136,25,matrix factorization,collaborative filtering,1,train,none,0.7913245558738708
157,158,157,158,negative example,neural network,1,train,none,0.37225842475891113
241,15,241,15,weak classifier,boosting algorithm,1,train,none,0.6769816279411316
176,141,176,141,parameter vector,maximum likelihood estimate,1,train,none,0.5637625455856323
130,229,130,229,machine learning,training data set,1,train,none,0.5812234878540039
230,243,230,243,training error,underfitting,1,train,none,0.6000583171844482
127,68,127,68,logistic regression,forward propagation,1,train,none,0.3412996232509613
209,158,209,158,sigmoid function,neural network,1,train,none,0.5000100135803223
225,243,225,243,test data,underfitting,1,train,none,0.5514105558395386
29,109,29,109,conditional distribution,latent dirichlet allocation,1,train,none,0.41284745931625366
34,217,34,217,convex function,stochastic gradient algorithm,1,train,none,0.4676018953323364
133,17,133,17,machine learning system,character segmentation,1,train,none,0.2707568109035492
89,159,89,159,hypothesis,neural network learning,1,train,none,0.5043653249740601
94,221,94,221,input data,support vector machine,1,train,none,0.435355544090271
229,64,229,64,training data set,feature scaling,1,train,none,0.4452369213104248
165,6,165,6,matrix,back prop,1,train,none,0.43245863914489746
112,25,112,25,learning problem,collaborative filtering,1,train,none,0.269463449716568
41,21,41,21,data set,classification problem,1,train,none,0.47047901153564453
236,155,236,155,unsupervised learning,nearest neighbor search,1,train,none,0.43902236223220825
111,15,111,15,learning method,boosting algorithm,1,train,none,0.5375425219535828
103,70,103,70,kernel function,gaussian kernel,1,train,none,0.8579365015029907
