source_id,target_id,source,target,weight
0,12,anaphora resolution,semantic role labeling,0.5799505710601807
0,14,anaphora resolution,coreference and coreference resolution,0.8241605758666992
0,31,anaphora resolution,dependency parsing,0.5966433882713318
0,34,anaphora resolution,relation extraction,0.6414359211921692
0,37,anaphora resolution,named entity recognition,0.6745355725288391
0,49,anaphora resolution,word sense disambiguation,0.6006253957748413
0,50,anaphora resolution,part of speech tagging,0.5873582363128662
0,57,anaphora resolution,discourse model,0.6433990001678467
0,58,anaphora resolution,morphological disambiguation,0.5761388540267944
0,64,anaphora resolution,shallow parsing,0.5905848741531372
0,120,anaphora resolution,textual entailment,0.58033686876297
0,138,anaphora resolution,paraphrasing,0.5725279450416565
1,3,generative adversarial networks,variational autoencoders,0.7409931421279907
1,23,generative adversarial networks,dqn,0.5288670659065247
1,48,generative adversarial networks,deep belief networks,0.5791865587234497
1,56,generative adversarial networks,variational bayes,0.535815954208374
1,80,generative adversarial networks,boltzmann machine,0.5360255241394043
1,96,generative adversarial networks,cnn's,0.5182026624679565
1,130,generative adversarial networks,speech synthesis,0.48315542936325073
1,159,generative adversarial networks,imagenet,0.5362598896026611
1,167,generative adversarial networks,feature learning,0.49149268865585327
1,195,generative adversarial networks,highway networks,0.5182614326477051
2,4,neural machine translation,ibm translation models,0.6969119906425476
2,5,neural machine translation,bleu,0.6015802025794983
2,9,neural machine translation,sentence simplification,0.5869157910346985
2,10,neural machine translation,attention models,0.610774040222168
2,15,neural machine translation,machine reading comprehension,0.605495810508728
2,20,neural machine translation,capsule networks,0.473612904548645
2,36,neural machine translation,language modeling,0.7625661492347717
2,44,neural machine translation,language identification,0.6020824909210205
2,54,neural machine translation,recursive neural network,0.5819346904754639
2,61,neural machine translation,neural turing machine,0.6168801784515381
2,66,neural machine translation,transliteration,0.7031737565994263
2,68,neural machine translation,chat bots,0.5039976835250854
2,70,neural machine translation,multi-task learning,0.48480772972106934
2,71,neural machine translation,multilingual word,0.6370797157287598
2,84,neural machine translation,natural language generation,0.6711041927337646
2,95,neural machine translation,word2vec,0.559358537197113
2,101,neural machine translation,speech recognition,0.5778961181640625
2,127,neural machine translation,backpropagation through time,0.5343389511108398
2,130,neural machine translation,speech synthesis,0.526196300983429
2,131,neural machine translation,caption generation,0.5937397480010986
2,148,neural machine translation,statistical machine translation,0.7974645495414734
2,178,neural machine translation,bidirectional recurrent neural networks,0.6352599263191223
2,182,neural machine translation,character level language models,0.6928898096084595
2,184,neural machine translation,smoothing and backoff,0.5256376266479492
2,189,neural machine translation,pointer networks,0.5521283149719238
2,191,neural machine translation,seq2seq,0.7113494277000427
2,197,neural machine translation,multi-modal learning,0.4707101583480835
3,20,variational autoencoders,capsule networks,0.4781394302845001
3,36,variational autoencoders,language modeling,0.4936637580394745
3,48,variational autoencoders,deep belief networks,0.6636608242988586
3,56,variational autoencoders,variational bayes,0.786911129951477
3,80,variational autoencoders,boltzmann machine,0.5607963800430298
3,163,variational autoencoders,t-sne,0.4921334981918335
3,167,variational autoencoders,feature learning,0.5727601051330566
3,168,variational autoencoders,normalization,0.49416786432266235
3,195,variational autoencoders,highway networks,0.48077166080474854
4,5,ibm translation models,bleu,0.5639802813529968
4,36,ibm translation models,language modeling,0.5890287756919861
4,44,ibm translation models,language identification,0.5313642024993896
4,58,ibm translation models,morphological disambiguation,0.5274713635444641
4,66,ibm translation models,transliteration,0.6598123908042908
4,71,ibm translation models,multilingual word,0.6110137701034546
4,144,ibm translation models,spelling correction,0.5294771790504456
4,148,ibm translation models,statistical machine translation,0.8355203866958618
4,150,ibm translation models,edit distance,0.46042561531066895
4,182,ibm translation models,character level language models,0.5485948324203491
4,184,ibm translation models,smoothing and backoff,0.5193269848823547
5,6,bleu,rouge,0.8112887740135193
5,7,bleu,scientific article summarization,0.5768356919288635
5,9,bleu,sentence simplification,0.6458419561386108
5,36,bleu,language modeling,0.5665569305419922
5,52,bleu,automatic summarization,0.6188653707504272
5,55,bleu,multi-document summarization,0.5889317989349365
5,72,bleu,evaluation metrics,0.4851187467575073
5,84,bleu,natural language generation,0.6037440896034241
5,138,bleu,paraphrasing,0.5711137652397156
5,148,bleu,statistical machine translation,0.5857855081558228
5,150,bleu,edit distance,0.43879780173301697
6,7,rouge,scientific article summarization,0.6452603340148926
6,9,rouge,sentence simplification,0.6346575617790222
6,36,rouge,language modeling,0.5129420757293701
6,52,rouge,automatic summarization,0.7429022192955017
6,55,rouge,multi-document summarization,0.6732113361358643
6,57,rouge,discourse model,0.5737684965133667
6,84,rouge,natural language generation,0.6082468032836914
6,138,rouge,paraphrasing,0.5941519737243652
6,191,rouge,seq2seq,0.5196785926818848
7,9,scientific article summarization,sentence simplification,0.6784771084785461
7,41,scientific article summarization,automated essay scoring,0.48429906368255615
7,52,scientific article summarization,automatic summarization,0.7856559157371521
7,55,scientific article summarization,multi-document summarization,0.7219268679618835
7,57,scientific article summarization,discourse model,0.5731284618377686
7,94,scientific article summarization,topic modeling,0.5180962085723877
7,138,scientific article summarization,paraphrasing,0.5513805150985718
7,180,scientific article summarization,bio text mining,0.6293773651123047
7,187,scientific article summarization,citation networks,0.5828872919082642
7,190,scientific article summarization,document representation,0.5494771003723145
8,27,open information extraction,semantic parsing,0.6452141404151917
8,31,open information extraction,dependency parsing,0.5892053842544556
8,34,open information extraction,relation extraction,0.7989411354064941
8,35,open information extraction,event detection,0.6126400232315063
8,37,open information extraction,named entity recognition,0.6983104944229126
8,50,open information extraction,part of speech tagging,0.5723153352737427
8,51,open information extraction,question answering,0.5661709308624268
8,64,open information extraction,shallow parsing,0.6293962001800537
8,83,open information extraction,first-order logic,0.5061486959457397
8,120,open information extraction,textual entailment,0.575546145439148
8,136,open information extraction,natural language interfaces,0.6042625308036804
8,180,open information extraction,bio text mining,0.5263766050338745
9,39,sentence simplification,sentence boundary recognition,0.5673633813858032
9,41,sentence simplification,automated essay scoring,0.46724605560302734
9,52,sentence simplification,automatic summarization,0.7258960604667664
9,55,sentence simplification,multi-document summarization,0.6172271370887756
9,57,sentence simplification,discourse model,0.5719959735870361
9,84,sentence simplification,natural language generation,0.6339080929756165
9,128,sentence simplification,grammar checker,0.56033855676651
9,131,sentence simplification,caption generation,0.5337891578674316
9,138,sentence simplification,paraphrasing,0.6971509456634521
9,144,sentence simplification,spelling correction,0.5447835922241211
9,148,sentence simplification,statistical machine translation,0.592764675617218
9,191,sentence simplification,seq2seq,0.5742170810699463
10,15,attention models,machine reading comprehension,0.6020724773406982
10,36,attention models,language modeling,0.5677688717842102
10,51,attention models,question answering,0.582657516002655
10,61,attention models,neural turing machine,0.6150704622268677
10,124,attention models,matrix multiplication,0.47890323400497437
10,134,attention models,long short-term memory networks,0.5622341632843018
10,146,attention models,gated recurrent units,0.5429527163505554
10,178,attention models,bidirectional recurrent neural networks,0.5740574598312378
10,189,attention models,pointer networks,0.6777136325836182
10,191,attention models,seq2seq,0.6206269860267639
11,13,knowledge graph,abstract meaning representation,0.5166053771972656
11,34,knowledge graph,relation extraction,0.6019558906555176
11,83,knowledge graph,first-order logic,0.5456427335739136
11,97,knowledge graph,knowledge representation,0.8448517918586731
11,107,knowledge graph,expert systems,0.4979419708251953
11,112,knowledge graph,graphical models,0.5147500038146973
11,135,knowledge graph,wordnet,0.5534420609474182
11,173,knowledge graph,network theory,0.5978416204452515
11,181,knowledge graph,collaborative filtering,0.44761013984680176
11,186,knowledge graph,crawling the web,0.476229190826416
11,187,knowledge graph,citation networks,0.5009521245956421
11,193,knowledge graph,graph convolutional networks,0.6081586480140686
11,203,knowledge graph,graph theory,0.6968889236450195
11,204,knowledge graph,relational databases,0.5208119750022888
12,13,semantic role labeling,abstract meaning representation,0.5620169639587402
12,27,semantic role labeling,semantic parsing,0.6481272578239441
12,31,semantic role labeling,dependency parsing,0.6744456887245178
12,34,semantic role labeling,relation extraction,0.6075925230979919
12,35,semantic role labeling,event detection,0.6396611928939819
12,37,semantic role labeling,named entity recognition,0.6458228826522827
12,49,semantic role labeling,word sense disambiguation,0.6050359606742859
12,50,semantic role labeling,part of speech tagging,0.6521029472351074
12,53,semantic role labeling,supertagging,0.6337723135948181
12,64,semantic role labeling,shallow parsing,0.6386978626251221
12,149,semantic role labeling,compositional semantics,0.5268515348434448
12,180,semantic role labeling,bio text mining,0.4894310534000397
13,27,abstract meaning representation,semantic parsing,0.6247618198394775
13,49,abstract meaning representation,word sense disambiguation,0.5625535845756531
13,63,abstract meaning representation,distributional semantics,0.5136580467224121
13,97,abstract meaning representation,knowledge representation,0.6686320900917053
13,120,abstract meaning representation,textual entailment,0.5136595964431763
13,135,abstract meaning representation,wordnet,0.5180650353431702
13,149,abstract meaning representation,compositional semantics,0.619299590587616
13,190,abstract meaning representation,document representation,0.5503681302070618
14,34,coreference and coreference resolution,relation extraction,0.5524066090583801
14,37,coreference and coreference resolution,named entity recognition,0.615842878818512
14,49,coreference and coreference resolution,word sense disambiguation,0.5393280982971191
14,50,coreference and coreference resolution,part of speech tagging,0.5120498538017273
14,52,coreference and coreference resolution,automatic summarization,0.4879608154296875
14,55,coreference and coreference resolution,multi-document summarization,0.4898347854614258
14,57,coreference and coreference resolution,discourse model,0.6293729543685913
14,64,coreference and coreference resolution,shallow parsing,0.4995853006839752
14,120,coreference and coreference resolution,textual entailment,0.4818873405456543
15,27,machine reading comprehension,semantic parsing,0.5576896071434021
15,36,machine reading comprehension,language modeling,0.5793328285217285
15,37,machine reading comprehension,named entity recognition,0.5516659021377563
15,51,machine reading comprehension,question answering,0.723259687423706
15,57,machine reading comprehension,discourse model,0.5521457195281982
15,68,machine reading comprehension,chat bots,0.49635154008865356
15,69,machine reading comprehension,dialog systems,0.5011451840400696
15,120,machine reading comprehension,textual entailment,0.6157509088516235
15,136,machine reading comprehension,natural language interfaces,0.5595611333847046
15,138,machine reading comprehension,paraphrasing,0.5479140877723694
16,17,context free grammar,context sensitive grammar,0.8201303482055664
16,27,context free grammar,semantic parsing,0.5501000881195068
16,30,context free grammar,penn treebank,0.500529408454895
16,31,context free grammar,dependency parsing,0.5676161050796509
16,32,context free grammar,tree adjoining grammar,0.6549135446548462
16,33,context free grammar,combinatory categorial grammar,0.6050232648849487
16,115,context free grammar,earley parsing,0.6227481365203857
16,129,context free grammar,shift-reduce parsing,0.5890196561813354
16,137,context free grammar,probabilistic context-free grammars,0.7139506340026855
16,151,context free grammar,chomsky hierarchy,0.60096275806427
17,27,context sensitive grammar,semantic parsing,0.4916628897190094
17,31,context sensitive grammar,dependency parsing,0.4953361749649048
17,32,context sensitive grammar,tree adjoining grammar,0.6205967664718628
17,33,context sensitive grammar,combinatory categorial grammar,0.6061522960662842
17,50,context sensitive grammar,part of speech tagging,0.49460798501968384
17,115,context sensitive grammar,earley parsing,0.5798565149307251
17,129,context sensitive grammar,shift-reduce parsing,0.5135397911071777
17,137,context sensitive grammar,probabilistic context-free grammars,0.657376766204834
17,151,context sensitive grammar,chomsky hierarchy,0.5363651514053345
18,19,domain adaptation,transfer learning,0.7816838622093201
18,59,domain adaptation,weakly-supervised learning,0.4217122197151184
18,60,domain adaptation,one-shot learning,0.4578350782394409
18,70,domain adaptation,multi-task learning,0.5682013630867004
18,82,domain adaptation,dimensionality reduction,0.46462684869766235
18,87,domain adaptation,svm,0.426763117313385
18,167,domain adaptation,feature learning,0.5253660678863525
18,168,domain adaptation,normalization,0.42517706751823425
18,169,domain adaptation,regularization,0.4362682104110718
18,170,domain adaptation,data preprocessing,0.44733327627182007
19,24,transfer learning,backpropagation,0.4629804491996765
19,59,transfer learning,weakly-supervised learning,0.4577258825302124
19,60,transfer learning,one-shot learning,0.5502827763557434
19,70,transfer learning,multi-task learning,0.7208073735237122
19,133,transfer learning,inference,0.5049333572387695
19,154,transfer learning,artificial neural network,0.4638599455356598
19,157,transfer learning,computer vision,0.4785884618759155
19,159,transfer learning,imagenet,0.5095964074134827
19,167,transfer learning,feature learning,0.6045944094657898
19,169,transfer learning,regularization,0.48025041818618774
20,48,capsule networks,deep belief networks,0.516838550567627
20,96,capsule networks,cnn's,0.6259487271308899
20,99,capsule networks,autonomous cars,0.4106552302837372
20,131,capsule networks,caption generation,0.4906761944293976
20,159,capsule networks,imagenet,0.5548970699310303
20,160,capsule networks,object detection,0.549064040184021
20,178,capsule networks,bidirectional recurrent neural networks,0.47456350922584534
20,189,capsule networks,pointer networks,0.5694355964660645
20,195,capsule networks,highway networks,0.5635716319084167
21,22,reinforcement learning,q learning,0.8296893239021301
21,23,reinforcement learning,dqn,0.7356239557266235
21,65,reinforcement learning,a* search,0.5718743801116943
21,69,reinforcement learning,dialog systems,0.5350444912910461
21,98,reinforcement learning,markov decision processes,0.74080491065979
21,99,reinforcement learning,autonomous cars,0.42668992280960083
21,140,reinforcement learning,particle filter,0.4323401153087616
21,142,reinforcement learning,dynamic programming,0.6016862392425537
21,165,reinforcement learning,monte carlo tree search,0.5843915939331055
21,171,reinforcement learning,robotic locomotion,0.6076882481575012
21,172,reinforcement learning,human-robot interaction,0.4664643704891205
21,185,reinforcement learning,policy gradient methods,0.7949461936950684
21,192,reinforcement learning,game playing in ai,0.6924190521240234
22,23,q learning,dqn,0.8114122748374939
22,65,q learning,a* search,0.5581498742103577
22,69,q learning,dialog systems,0.47787484526634216
22,98,q learning,markov decision processes,0.6061823964118958
22,142,q learning,dynamic programming,0.5582142472267151
22,165,q learning,monte carlo tree search,0.5437875390052795
22,171,q learning,robotic locomotion,0.45757079124450684
22,185,q learning,policy gradient methods,0.7101807594299316
22,192,q learning,game playing in ai,0.6441507935523987
23,24,dqn,backpropagation,0.5163943767547607
23,48,dqn,deep belief networks,0.4958052635192871
23,80,dqn,boltzmann machine,0.49700236320495605
23,98,dqn,markov decision processes,0.4952312409877777
23,99,dqn,autonomous cars,0.4144826829433441
23,142,dqn,dynamic programming,0.5088784694671631
23,165,dqn,monte carlo tree search,0.49808743596076965
23,171,dqn,robotic locomotion,0.4254828691482544
23,185,dqn,policy gradient methods,0.6727436780929565
23,192,dqn,game playing in ai,0.6059804558753967
24,48,backpropagation,deep belief networks,0.5137515664100647
24,75,backpropagation,newton method,0.5116415023803711
24,78,backpropagation,radial basis function network,0.5802115797996521
24,80,backpropagation,boltzmann machine,0.5257505774497986
24,86,backpropagation,perceptrons algorithm,0.5918395519256592
24,105,backpropagation,genetic algorithms,0.46092522144317627
24,117,backpropagation,gradient descent,0.7158596515655518
24,124,backpropagation,matrix multiplication,0.5618683099746704
24,125,backpropagation,differential calculus,0.5598448514938354
24,127,backpropagation,backpropagation through time,0.7429684400558472
24,142,backpropagation,dynamic programming,0.5169156193733215
24,154,backpropagation,artificial neural network,0.6911481618881226
24,164,backpropagation,loss function,0.540463924407959
24,167,backpropagation,feature learning,0.5363190174102783
24,168,backpropagation,normalization,0.518277645111084
24,169,backpropagation,regularization,0.5318105816841125
24,176,backpropagation,activation functions,0.6672876477241516
25,36,word embedding,language modeling,0.6362640857696533
25,43,word embedding,latent semantic indexing,0.6184108257293701
25,63,word embedding,distributional semantics,0.6922729015350342
25,67,word embedding,lexicography,0.5606228113174438
25,71,word embedding,multilingual word,0.6597998142242432
25,95,word embedding,word2vec,0.7830521464347839
25,119,word embedding,tokenization,0.6093919277191162
25,135,word embedding,wordnet,0.6076195240020752
25,149,word embedding,compositional semantics,0.5922993421554565
25,155,word embedding,bag of words model,0.5979893803596497
25,161,word embedding,n-gram,0.5878239870071411
25,163,word embedding,t-sne,0.4601333737373352
25,167,word embedding,feature learning,0.583264172077179
25,190,word embedding,document representation,0.7537745237350464
26,73,logistic regression,linear regression,0.6338887214660645
26,74,logistic regression,convex optimization,0.48571914434432983
26,77,logistic regression,random forest,0.4828490912914276
26,86,logistic regression,perceptrons algorithm,0.508270263671875
26,87,logistic regression,svm,0.5531289577484131
26,88,logistic regression,decision trees,0.5177232027053833
26,110,logistic regression,bagging,0.4405614137649536
26,111,logistic regression,maximum likelihood estimation,0.5573093891143799
26,145,logistic regression,log-linear models,0.5348075032234192
26,152,logistic regression,conditional probability,0.4775761067867279
26,175,logistic regression,cross entropy,0.5355607867240906
26,199,logistic regression,probability,0.5607091188430786
27,30,semantic parsing,penn treebank,0.6021881699562073
27,31,semantic parsing,dependency parsing,0.7015630602836609
27,32,semantic parsing,tree adjoining grammar,0.5747736096382141
27,33,semantic parsing,combinatory categorial grammar,0.6350424885749817
27,34,semantic parsing,relation extraction,0.6058692336082458
27,49,semantic parsing,word sense disambiguation,0.5814688205718994
27,50,semantic parsing,part of speech tagging,0.6204760074615479
27,64,semantic parsing,shallow parsing,0.6577966213226318
27,83,semantic parsing,first-order logic,0.553039014339447
27,97,semantic parsing,knowledge representation,0.5726091861724854
27,115,semantic parsing,earley parsing,0.6295343041419983
27,116,semantic parsing,propositional logic,0.5095687508583069
27,120,semantic parsing,textual entailment,0.5904160737991333
27,129,semantic parsing,shift-reduce parsing,0.6656901836395264
27,136,semantic parsing,natural language interfaces,0.6729094982147217
27,149,semantic parsing,compositional semantics,0.518314003944397
27,204,semantic parsing,relational databases,0.514266312122345
28,38,stemming,word segmentation,0.5694108605384827
28,39,stemming,sentence boundary recognition,0.5616917610168457
28,50,stemming,part of speech tagging,0.5638447999954224
28,58,stemming,morphological disambiguation,0.5303583145141602
28,67,stemming,lexicography,0.5556074380874634
28,109,stemming,text mining,0.5744963884353638
28,118,stemming,search engine indexing,0.5641061067581177
28,119,stemming,tokenization,0.7009310722351074
28,144,stemming,spelling correction,0.5798935890197754
28,150,stemming,edit distance,0.5237488150596619
28,179,stemming,query expansion,0.5373281240463257
29,31,sentiment analysis,dependency parsing,0.4998990297317505
29,34,sentiment analysis,relation extraction,0.48273488879203796
29,41,sentiment analysis,automated essay scoring,0.6128678917884827
29,43,sentiment analysis,latent semantic indexing,0.49081653356552124
29,44,sentiment analysis,language identification,0.4814690947532654
29,52,sentiment analysis,automatic summarization,0.506675660610199
29,102,sentiment analysis,crowdsourcing,0.4896373748779297
29,109,sentiment analysis,text mining,0.6398303508758545
29,136,sentiment analysis,natural language interfaces,0.47553056478500366
29,180,sentiment analysis,bio text mining,0.48279911279678345
30,31,penn treebank,dependency parsing,0.7081140279769897
30,32,penn treebank,tree adjoining grammar,0.6793168187141418
30,33,penn treebank,combinatory categorial grammar,0.6064358353614807
30,39,penn treebank,sentence boundary recognition,0.5654792189598083
30,41,penn treebank,automated essay scoring,0.47200503945350647
30,50,penn treebank,part of speech tagging,0.6474214792251587
30,53,penn treebank,supertagging,0.6118506193161011
30,64,penn treebank,shallow parsing,0.6693439483642578
30,115,penn treebank,earley parsing,0.6464188694953918
30,128,penn treebank,grammar checker,0.5420763492584229
30,129,penn treebank,shift-reduce parsing,0.6347643136978149
30,137,penn treebank,probabilistic context-free grammars,0.5866568088531494
30,151,penn treebank,chomsky hierarchy,0.48268043994903564
31,32,dependency parsing,tree adjoining grammar,0.7059271931648254
31,33,dependency parsing,combinatory categorial grammar,0.635917603969574
31,34,dependency parsing,relation extraction,0.6607114672660828
31,35,dependency parsing,event detection,0.6003419756889343
31,39,dependency parsing,sentence boundary recognition,0.5679067373275757
31,50,dependency parsing,part of speech tagging,0.6850655674934387
31,53,dependency parsing,supertagging,0.6130326390266418
31,54,dependency parsing,recursive neural network,0.5987786054611206
31,57,dependency parsing,discourse model,0.5652889013290405
31,64,dependency parsing,shallow parsing,0.6878132224082947
31,115,dependency parsing,earley parsing,0.6321007013320923
31,128,dependency parsing,grammar checker,0.5519174337387085
31,129,dependency parsing,shift-reduce parsing,0.7281442284584045
31,143,dependency parsing,language acquisition,0.5582088232040405
31,151,dependency parsing,chomsky hierarchy,0.46374785900115967
32,33,tree adjoining grammar,combinatory categorial grammar,0.7540722489356995
32,115,tree adjoining grammar,earley parsing,0.6251564621925354
32,129,tree adjoining grammar,shift-reduce parsing,0.694284200668335
32,137,tree adjoining grammar,probabilistic context-free grammars,0.6500048041343689
32,151,tree adjoining grammar,chomsky hierarchy,0.6113277077674866
33,53,combinatory categorial grammar,supertagging,0.6196115612983704
33,54,combinatory categorial grammar,recursive neural network,0.569853663444519
33,115,combinatory categorial grammar,earley parsing,0.6212619543075562
33,129,combinatory categorial grammar,shift-reduce parsing,0.6751010417938232
33,137,combinatory categorial grammar,probabilistic context-free grammars,0.5870904922485352
33,149,combinatory categorial grammar,compositional semantics,0.5990211367607117
33,151,combinatory categorial grammar,chomsky hierarchy,0.6091827154159546
34,35,relation extraction,event detection,0.6985337138175964
34,37,relation extraction,named entity recognition,0.7908046245574951
34,49,relation extraction,word sense disambiguation,0.6025336384773254
34,64,relation extraction,shallow parsing,0.6075063943862915
34,67,relation extraction,lexicography,0.5387343764305115
34,97,relation extraction,knowledge representation,0.5885162949562073
34,120,relation extraction,textual entailment,0.5883584022521973
34,143,relation extraction,language acquisition,0.5354722738265991
34,180,relation extraction,bio text mining,0.5997515916824341
34,204,relation extraction,relational databases,0.5432832837104797
35,37,event detection,named entity recognition,0.7198067903518677
35,49,event detection,word sense disambiguation,0.5645463466644287
35,50,event detection,part of speech tagging,0.5929995775222778
35,53,event detection,supertagging,0.5795047879219055
35,64,event detection,shallow parsing,0.6257352828979492
35,120,event detection,textual entailment,0.5878733992576599
35,180,event detection,bio text mining,0.5124883651733398
36,38,language modeling,word segmentation,0.5898535251617432
36,42,language modeling,latent dirichlet allocation,0.4514327049255371
36,44,language modeling,language identification,0.650344967842102
36,46,language modeling,hidden markov models,0.5780049562454224
36,47,language modeling,conditional random fields,0.5382053852081299
36,48,language modeling,deep belief networks,0.5088104009628296
36,51,language modeling,question answering,0.5662434101104736
36,53,language modeling,supertagging,0.5661649703979492
36,63,language modeling,distributional semantics,0.5634612441062927
36,66,language modeling,transliteration,0.5539368987083435
36,68,language modeling,chat bots,0.519544780254364
36,71,language modeling,multilingual word,0.5595352649688721
36,84,language modeling,natural language generation,0.6942506432533264
36,85,language modeling,noisy channel model,0.5296523571014404
36,94,language modeling,topic modeling,0.5136638879776001
36,95,language modeling,word2vec,0.6441089510917664
36,100,language modeling,phonetics,0.36011767387390137
36,101,language modeling,speech recognition,0.6337337493896484
36,119,language modeling,tokenization,0.5716792941093445
36,130,language modeling,speech synthesis,0.5551506876945496
36,131,language modeling,caption generation,0.58213210105896
36,141,language modeling,prosody,0.42313218116760254
36,143,language modeling,language acquisition,0.601059079170227
36,145,language modeling,log-linear models,0.5816161632537842
36,148,language modeling,statistical machine translation,0.6500278115272522
36,149,language modeling,compositional semantics,0.5248749852180481
36,155,language modeling,bag of words model,0.5567072629928589
36,161,language modeling,n-gram,0.6823422908782959
36,166,language modeling,structured prediction,0.61371910572052
36,182,language modeling,character level language models,0.7754839658737183
36,184,language modeling,smoothing and backoff,0.6611295342445374
36,190,language modeling,document representation,0.5948431491851807
36,191,language modeling,seq2seq,0.6268061995506287
36,197,language modeling,multi-modal learning,0.4855065941810608
37,38,named entity recognition,word segmentation,0.6668270826339722
37,39,named entity recognition,sentence boundary recognition,0.6028040647506714
37,40,named entity recognition,optical character recognition,0.5130254626274109
37,44,named entity recognition,language identification,0.5718624591827393
37,47,named entity recognition,conditional random fields,0.6561057567596436
37,49,named entity recognition,word sense disambiguation,0.6340209245681763
37,50,named entity recognition,part of speech tagging,0.7147575616836548
37,53,named entity recognition,supertagging,0.5818932056427002
37,58,named entity recognition,morphological disambiguation,0.5982822179794312
37,64,named entity recognition,shallow parsing,0.7476884722709656
37,67,named entity recognition,lexicography,0.5484501719474792
37,102,named entity recognition,crowdsourcing,0.42502710223197937
37,119,named entity recognition,tokenization,0.5546281337738037
37,136,named entity recognition,natural language interfaces,0.5951883792877197
37,166,named entity recognition,structured prediction,0.5769085884094238
37,180,named entity recognition,bio text mining,0.6082775592803955
38,39,word segmentation,sentence boundary recognition,0.8018855452537537
38,40,word segmentation,optical character recognition,0.48019111156463623
38,50,word segmentation,part of speech tagging,0.6644103527069092
38,58,word segmentation,morphological disambiguation,0.6354958415031433
38,64,word segmentation,shallow parsing,0.6764230132102966
38,101,word segmentation,speech recognition,0.5691907405853271
38,119,word segmentation,tokenization,0.7131929397583008
38,143,word segmentation,language acquisition,0.5354856252670288
38,161,word segmentation,n-gram,0.5696273446083069
38,182,word segmentation,character level language models,0.5976014733314514
39,41,sentence boundary recognition,automated essay scoring,0.4883447587490082
39,50,sentence boundary recognition,part of speech tagging,0.5986524820327759
39,52,sentence boundary recognition,automatic summarization,0.5706926584243774
39,64,sentence boundary recognition,shallow parsing,0.6331866979598999
39,119,sentence boundary recognition,tokenization,0.6288676261901855
39,128,sentence boundary recognition,grammar checker,0.6001236438751221
39,141,sentence boundary recognition,prosody,0.40772202610969543
39,150,sentence boundary recognition,edit distance,0.443234384059906
40,44,optical character recognition,language identification,0.482718288898468
40,66,optical character recognition,transliteration,0.47614070773124695
40,101,optical character recognition,speech recognition,0.5471656322479248
40,126,optical character recognition,facial recognition systems,0.49357300996780396
40,157,optical character recognition,computer vision,0.5328078866004944
40,158,optical character recognition,image retrieval,0.5138685703277588
40,182,optical character recognition,character level language models,0.49456578493118286
40,190,optical character recognition,document representation,0.47685670852661133
41,52,automated essay scoring,automatic summarization,0.5611233711242676
41,109,automated essay scoring,text mining,0.4976431131362915
41,120,automated essay scoring,textual entailment,0.4779186546802521
41,128,automated essay scoring,grammar checker,0.5552720427513123
41,136,automated essay scoring,natural language interfaces,0.47381189465522766
42,43,latent dirichlet allocation,latent semantic indexing,0.7045625448226929
42,55,latent dirichlet allocation,multi-document summarization,0.4832930862903595
42,63,latent dirichlet allocation,distributional semantics,0.4729902744293213
42,94,latent dirichlet allocation,topic modeling,0.8687599897384644
42,109,latent dirichlet allocation,text mining,0.4751536250114441
42,147,latent dirichlet allocation,gibbs sampling,0.5122718811035156
42,179,latent dirichlet allocation,query expansion,0.46076369285583496
42,183,latent dirichlet allocation,hierarchical models,0.5259252190589905
42,190,latent dirichlet allocation,document representation,0.517244279384613
43,63,latent semantic indexing,distributional semantics,0.5853854417800903
43,94,latent semantic indexing,topic modeling,0.7035056948661804
43,103,latent semantic indexing,matrix factorization,0.5676514506340027
43,109,latent semantic indexing,text mining,0.569940447807312
43,118,latent semantic indexing,search engine indexing,0.6327775716781616
43,155,latent semantic indexing,bag of words model,0.5150017142295837
43,162,latent semantic indexing,singular-value decomposition,0.5863725543022156
43,179,latent semantic indexing,query expansion,0.6198176145553589
43,181,latent semantic indexing,collaborative filtering,0.4799630641937256
43,190,latent semantic indexing,document representation,0.7032709121704102
44,58,language identification,morphological disambiguation,0.5423322319984436
44,66,language identification,transliteration,0.5750254988670349
44,71,language identification,multilingual word,0.5441511869430542
44,100,language identification,phonetics,0.421675443649292
44,101,language identification,speech recognition,0.6623578071594238
44,141,language identification,prosody,0.46496689319610596
44,143,language identification,language acquisition,0.5875970721244812
44,148,language identification,statistical machine translation,0.571915864944458
44,182,language identification,character level language models,0.5585972666740417
45,56,bayes theorem,variational bayes,0.5160144567489624
45,107,bayes theorem,expert systems,0.48583221435546875
45,108,bayes theorem,bayesian network,0.6889100074768066
45,111,bayes theorem,maximum likelihood estimation,0.4939320683479309
45,112,bayes theorem,graphical models,0.5454179048538208
45,133,bayes theorem,inference,0.4933962821960449
45,147,bayes theorem,gibbs sampling,0.525066077709198
45,152,bayes theorem,conditional probability,0.6994141936302185
45,183,bayes theorem,hierarchical models,0.5103029608726501
45,199,bayes theorem,probability,0.6447553038597107
46,47,hidden markov models,conditional random fields,0.6744969487190247
46,50,hidden markov models,part of speech tagging,0.5475290417671204
46,85,hidden markov models,noisy channel model,0.5700317025184631
46,98,hidden markov models,markov decision processes,0.5550309419631958
46,108,hidden markov models,bayesian network,0.5479591488838196
46,112,hidden markov models,graphical models,0.6204176545143127
46,113,hidden markov models,markov chain monte carlo,0.5362116694450378
46,127,hidden markov models,backpropagation through time,0.5449458360671997
46,137,hidden markov models,probabilistic context-free grammars,0.6296929717063904
46,140,hidden markov models,particle filter,0.5196372270584106
46,142,hidden markov models,dynamic programming,0.5135924220085144
46,145,hidden markov models,log-linear models,0.5601524114608765
46,166,hidden markov models,structured prediction,0.6351035833358765
46,183,hidden markov models,hierarchical models,0.5128800868988037
46,184,hidden markov models,smoothing and backoff,0.539257824420929
47,50,conditional random fields,part of speech tagging,0.6652926802635193
47,58,conditional random fields,morphological disambiguation,0.5578070878982544
47,64,conditional random fields,shallow parsing,0.6215863227844238
47,112,conditional random fields,graphical models,0.5683014392852783
47,137,conditional random fields,probabilistic context-free grammars,0.6159220337867737
47,145,conditional random fields,log-linear models,0.6214528679847717
47,166,conditional random fields,structured prediction,0.743842363357544
48,56,deep belief networks,variational bayes,0.5114175081253052
48,80,deep belief networks,boltzmann machine,0.7161585092544556
48,86,deep belief networks,perceptrons algorithm,0.4955255389213562
48,96,deep belief networks,cnn's,0.5185031890869141
48,163,deep belief networks,t-sne,0.45822590589523315
48,167,deep belief networks,feature learning,0.6039460301399231
48,193,deep belief networks,graph convolutional networks,0.4988308548927307
48,195,deep belief networks,highway networks,0.5522798895835876
49,50,word sense disambiguation,part of speech tagging,0.5891745090484619
49,58,word sense disambiguation,morphological disambiguation,0.6048427820205688
49,63,word sense disambiguation,distributional semantics,0.5287775993347168
49,67,word sense disambiguation,lexicography,0.7508455514907837
49,71,word sense disambiguation,multilingual word,0.5423899292945862
49,120,word sense disambiguation,textual entailment,0.5720966458320618
49,135,word sense disambiguation,wordnet,0.6614444851875305
49,144,word sense disambiguation,spelling correction,0.5427139401435852
49,179,word sense disambiguation,query expansion,0.5157182216644287
50,53,part of speech tagging,supertagging,0.6481998562812805
50,58,part of speech tagging,morphological disambiguation,0.6608652472496033
50,64,part of speech tagging,shallow parsing,0.7329444885253906
50,67,part of speech tagging,lexicography,0.5499804019927979
50,101,part of speech tagging,speech recognition,0.5675657987594604
50,109,part of speech tagging,text mining,0.5441678762435913
50,115,part of speech tagging,earley parsing,0.6297255158424377
50,119,part of speech tagging,tokenization,0.575481116771698
50,128,part of speech tagging,grammar checker,0.5744577646255493
50,137,part of speech tagging,probabilistic context-free grammars,0.6219958066940308
50,143,part of speech tagging,language acquisition,0.6057235598564148
50,155,part of speech tagging,bag of words model,0.5254802107810974
50,161,part of speech tagging,n-gram,0.5972890853881836
50,166,part of speech tagging,structured prediction,0.5701100826263428
50,180,part of speech tagging,bio text mining,0.5380386114120483
51,68,question answering,chat bots,0.64521723985672
51,69,question answering,dialog systems,0.6050594449043274
51,84,question answering,natural language generation,0.5714722871780396
51,120,question answering,textual entailment,0.6086435317993164
51,131,question answering,caption generation,0.5585004687309265
51,136,question answering,natural language interfaces,0.6483584642410278
51,138,question answering,paraphrasing,0.5547288656234741
51,172,question answering,human-robot interaction,0.45476460456848145
51,191,question answering,seq2seq,0.6240993142127991
51,197,question answering,multi-modal learning,0.48460128903388977
52,55,automatic summarization,multi-document summarization,0.7549629211425781
52,57,automatic summarization,discourse model,0.6135349869728088
52,67,automatic summarization,lexicography,0.5450711250305176
52,84,automatic summarization,natural language generation,0.6310945749282837
52,94,automatic summarization,topic modeling,0.5233861207962036
52,109,automatic summarization,text mining,0.5938601493835449
52,118,automatic summarization,search engine indexing,0.5392578840255737
52,119,automatic summarization,tokenization,0.5701498985290527
52,131,automatic summarization,caption generation,0.5282990336418152
52,138,automatic summarization,paraphrasing,0.6185963153839111
52,179,automatic summarization,query expansion,0.5225464105606079
52,180,automatic summarization,bio text mining,0.5438914895057678
52,186,automatic summarization,crawling the web,0.47323423624038696
52,190,automatic summarization,document representation,0.580491304397583
53,54,supertagging,recursive neural network,0.5779410600662231
53,59,supertagging,weakly-supervised learning,0.4529869556427002
53,64,supertagging,shallow parsing,0.6572430729866028
54,61,recursive neural network,neural turing machine,0.5799503326416016
54,127,recursive neural network,backpropagation through time,0.5957813858985901
54,129,recursive neural network,shift-reduce parsing,0.6045272946357727
54,134,recursive neural network,long short-term memory networks,0.5656380653381348
54,146,recursive neural network,gated recurrent units,0.5538166165351868
54,149,recursive neural network,compositional semantics,0.6668140888214111
54,151,recursive neural network,chomsky hierarchy,0.4406602382659912
54,178,recursive neural network,bidirectional recurrent neural networks,0.5907891988754272
54,189,recursive neural network,pointer networks,0.56828773021698
54,193,recursive neural network,graph convolutional networks,0.5317397117614746
54,196,recursive neural network,stack lstm,0.6402310729026794
55,57,multi-document summarization,discourse model,0.5719616413116455
55,84,multi-document summarization,natural language generation,0.5376098155975342
55,94,multi-document summarization,topic modeling,0.586050808429718
55,138,multi-document summarization,paraphrasing,0.5406814813613892
55,190,multi-document summarization,document representation,0.5491587519645691
56,81,variational bayes,expectation-maximization (em) algorithm,0.5729863047599792
56,108,variational bayes,bayesian network,0.5198162198066711
56,111,variational bayes,maximum likelihood estimation,0.5166500210762024
56,112,variational bayes,graphical models,0.5456218123435974
56,113,variational bayes,markov chain monte carlo,0.5625664591789246
56,147,variational bayes,gibbs sampling,0.6063283085823059
57,84,discourse model,natural language generation,0.6070725917816162
57,94,discourse model,topic modeling,0.5351153016090393
57,120,discourse model,textual entailment,0.5937210917472839
58,64,morphological disambiguation,shallow parsing,0.5857944488525391
58,67,morphological disambiguation,lexicography,0.5813998579978943
58,137,morphological disambiguation,probabilistic context-free grammars,0.5595985651016235
58,150,morphological disambiguation,edit distance,0.4487946629524231
58,161,morphological disambiguation,n-gram,0.5653409957885742
58,182,morphological disambiguation,character level language models,0.5909039974212646
59,60,weakly-supervised learning,one-shot learning,0.49859392642974854
59,64,weakly-supervised learning,shallow parsing,0.446736603975296
59,70,weakly-supervised learning,multi-task learning,0.5214763283729553
59,102,weakly-supervised learning,crowdsourcing,0.4137749671936035
59,159,weakly-supervised learning,imagenet,0.42566853761672974
59,160,weakly-supervised learning,object detection,0.4664073586463928
59,166,weakly-supervised learning,structured prediction,0.4959816038608551
59,167,weakly-supervised learning,feature learning,0.4801114797592163
59,169,weakly-supervised learning,regularization,0.49856793880462646
60,70,one-shot learning,multi-task learning,0.5033416748046875
60,82,one-shot learning,dimensionality reduction,0.46231207251548767
60,90,one-shot learning,k-nn,0.5048069953918457
60,110,one-shot learning,bagging,0.44757992029190063
60,126,one-shot learning,facial recognition systems,0.4514467716217041
60,158,one-shot learning,image retrieval,0.523206353187561
60,159,one-shot learning,imagenet,0.47390514612197876
60,160,one-shot learning,object detection,0.4927607774734497
60,167,one-shot learning,feature learning,0.4795546531677246
61,127,neural turing machine,backpropagation through time,0.5544673800468445
61,134,neural turing machine,long short-term memory networks,0.6829635500907898
61,146,neural turing machine,gated recurrent units,0.5959609150886536
61,154,neural turing machine,artificial neural network,0.5356172323226929
61,178,neural turing machine,bidirectional recurrent neural networks,0.6491525769233704
61,189,neural turing machine,pointer networks,0.6265825629234314
61,191,neural turing machine,seq2seq,0.5604206323623657
61,195,neural turing machine,highway networks,0.562993586063385
61,196,neural turing machine,stack lstm,0.7105649709701538
62,72,bootstrapping,evaluation metrics,0.4864230155944824
62,77,bootstrapping,random forest,0.5317099690437317
62,106,bootstrapping,ensemble learning,0.5497671365737915
62,110,bootstrapping,bagging,0.715903639793396
62,113,bootstrapping,markov chain monte carlo,0.48574647307395935
62,133,bootstrapping,inference,0.4613058865070343
62,147,bootstrapping,gibbs sampling,0.4991185665130615
62,170,bootstrapping,data preprocessing,0.502817690372467
62,199,bootstrapping,probability,0.5158662796020508
62,200,bootstrapping,descriptive statistics and hypothesis testing,0.6379475593566895
63,71,distributional semantics,multilingual word,0.5741069316864014
63,95,distributional semantics,word2vec,0.6521360874176025
63,120,distributional semantics,textual entailment,0.5454517602920532
63,135,distributional semantics,wordnet,0.6054909229278564
63,149,distributional semantics,compositional semantics,0.6351063251495361
63,155,distributional semantics,bag of words model,0.5222764015197754
63,190,distributional semantics,document representation,0.6159741878509521
64,115,shallow parsing,earley parsing,0.5914359092712402
64,129,shallow parsing,shift-reduce parsing,0.6322555541992188
64,166,shallow parsing,structured prediction,0.5989998579025269
65,91,a* search,random walks,0.4984559416770935
65,105,a* search,genetic algorithms,0.455763578414917
65,121,a* search,constraint satisfaction,0.4200199246406555
65,122,a* search,beam search,0.7015611529350281
65,142,a* search,dynamic programming,0.5345402956008911
65,165,a* search,monte carlo tree search,0.554707407951355
65,171,a* search,robotic locomotion,0.5015062689781189
65,185,a* search,policy gradient methods,0.5028954744338989
65,186,a* search,crawling the web,0.5073784589767456
65,192,a* search,game playing in ai,0.5132554769515991
66,71,transliteration,multilingual word,0.5816075801849365
66,100,transliteration,phonetics,0.420055091381073
66,101,transliteration,speech recognition,0.5718171000480652
66,130,transliteration,speech synthesis,0.520005464553833
66,144,transliteration,spelling correction,0.5689656734466553
66,148,transliteration,statistical machine translation,0.7055194973945618
66,150,transliteration,edit distance,0.46788033843040466
66,182,transliteration,character level language models,0.6674858331680298
66,191,transliteration,seq2seq,0.5384336113929749
67,118,lexicography,search engine indexing,0.5066688060760498
67,135,lexicography,wordnet,0.7334930896759033
67,143,lexicography,language acquisition,0.5153079032897949
67,144,lexicography,spelling correction,0.5558573603630066
67,155,lexicography,bag of words model,0.5062811970710754
67,179,lexicography,query expansion,0.5171079039573669
68,69,chat bots,dialog systems,0.7982046008110046
68,84,chat bots,natural language generation,0.6619857549667358
68,131,chat bots,caption generation,0.5283467769622803
68,136,chat bots,natural language interfaces,0.7167282104492188
68,172,chat bots,human-robot interaction,0.5831944942474365
68,182,chat bots,character level language models,0.4852069616317749
69,84,dialog systems,natural language generation,0.5353130102157593
69,136,dialog systems,natural language interfaces,0.6971253156661987
69,172,dialog systems,human-robot interaction,0.6007389426231384
69,191,dialog systems,seq2seq,0.4593265950679779
69,192,dialog systems,game playing in ai,0.47988075017929077
70,71,multi-task learning,multilingual word,0.5009350776672363
70,76,multi-task learning,dual problems,0.4275471568107605
70,106,multi-task learning,ensemble learning,0.47028347849845886
70,166,multi-task learning,structured prediction,0.48051226139068604
70,167,multi-task learning,feature learning,0.494430273771286
70,183,multi-task learning,hierarchical models,0.5378605127334595
70,197,multi-task learning,multi-modal learning,0.6180829405784607
70,205,multi-task learning,dual decomposition,0.42997193336486816
71,95,multilingual word,word2vec,0.6191191673278809
71,148,multilingual word,statistical machine translation,0.5927904844284058
71,197,multilingual word,multi-modal learning,0.5178604125976562
72,106,evaluation metrics,ensemble learning,0.4334715008735657
72,156,evaluation metrics,bias-variance tradeoff,0.48974838852882385
72,164,evaluation metrics,loss function,0.5142254829406738
72,170,evaluation metrics,data preprocessing,0.4770824909210205
72,174,evaluation metrics,entropy,0.5719542503356934
72,175,evaluation metrics,cross entropy,0.49072033166885376
72,177,evaluation metrics,kullback-leibler divergence,0.5296316146850586
72,199,evaluation metrics,probability,0.5257471203804016
72,200,evaluation metrics,descriptive statistics and hypothesis testing,0.600419282913208
73,74,linear regression,convex optimization,0.5387974977493286
73,77,linear regression,random forest,0.5187477469444275
73,78,linear regression,radial basis function network,0.46787917613983154
73,79,linear regression,kernel function,0.5210716128349304
73,82,linear regression,dimensionality reduction,0.5551132559776306
73,87,linear regression,svm,0.5752540826797485
73,111,linear regression,maximum likelihood estimation,0.57664555311203
73,125,linear regression,differential calculus,0.46829670667648315
73,132,linear regression,linear programming,0.6658740043640137
73,153,linear regression,linear discriminant analysis,0.5412036180496216
73,169,linear regression,regularization,0.5304979681968689
73,170,linear regression,data preprocessing,0.510500431060791
73,198,linear regression,linear algebra,0.5683009028434753
73,199,linear regression,probability,0.5460726022720337
73,200,linear regression,descriptive statistics and hypothesis testing,0.5142453908920288
74,75,convex optimization,newton method,0.4672338366508484
74,76,convex optimization,dual problems,0.5727428197860718
74,87,convex optimization,svm,0.5688830018043518
74,111,convex optimization,maximum likelihood estimation,0.5506129264831543
74,117,convex optimization,gradient descent,0.6181867718696594
74,122,convex optimization,beam search,0.4385973811149597
74,125,convex optimization,differential calculus,0.49275481700897217
74,132,convex optimization,linear programming,0.6997631788253784
74,156,convex optimization,bias-variance tradeoff,0.5134228467941284
74,164,convex optimization,loss function,0.5630490183830261
74,169,convex optimization,regularization,0.5718137621879578
74,177,convex optimization,kullback-leibler divergence,0.5248881578445435
74,188,convex optimization,greedy algorithms,0.5016805529594421
74,199,convex optimization,probability,0.5503218770027161
74,205,convex optimization,dual decomposition,0.5592978596687317
75,78,newton method,radial basis function network,0.5065164566040039
75,79,newton method,kernel function,0.4175145626068115
75,86,newton method,perceptrons algorithm,0.40891021490097046
75,90,newton method,k-nn,0.4166262149810791
75,117,newton method,gradient descent,0.6042062640190125
75,125,newton method,differential calculus,0.4176349937915802
75,185,newton method,policy gradient methods,0.44862568378448486
75,205,newton method,dual decomposition,0.4557829797267914
76,79,dual problems,kernel function,0.39875221252441406
76,87,dual problems,svm,0.42167162895202637
76,121,dual problems,constraint satisfaction,0.42362329363822937
76,132,dual problems,linear programming,0.593845546245575
76,156,dual problems,bias-variance tradeoff,0.4219611883163452
76,169,dual problems,regularization,0.42478400468826294
76,198,dual problems,linear algebra,0.39765664935112
76,205,dual problems,dual decomposition,0.7113775014877319
77,82,random forest,dimensionality reduction,0.5128552317619324
77,87,random forest,svm,0.5370780229568481
77,88,random forest,decision trees,0.7384311556816101
77,90,random forest,k-nn,0.5223006010055542
77,102,random forest,crowdsourcing,0.40052318572998047
77,106,random forest,ensemble learning,0.7365280389785767
77,110,random forest,bagging,0.722293496131897
77,114,random forest,k means,0.45031288266181946
77,188,random forest,greedy algorithms,0.532384991645813
77,199,random forest,probability,0.5206307768821716
78,79,radial basis function network,kernel function,0.5721215009689331
78,86,radial basis function network,perceptrons algorithm,0.5513718128204346
78,90,radial basis function network,k-nn,0.5460700988769531
78,92,radial basis function network,harmonic functions,0.4320211410522461
78,117,radial basis function network,gradient descent,0.4780957102775574
78,127,radial basis function network,backpropagation through time,0.5227677226066589
78,154,radial basis function network,artificial neural network,0.6131701469421387
78,176,radial basis function network,activation functions,0.622395396232605
79,82,kernel function,dimensionality reduction,0.5051370859146118
79,87,kernel function,svm,0.6425869464874268
79,90,kernel function,k-nn,0.5673351287841797
79,92,kernel function,harmonic functions,0.5002603530883789
79,164,kernel function,loss function,0.5034870505332947
79,167,kernel function,feature learning,0.515204131603241
79,175,kernel function,cross entropy,0.5139808654785156
79,176,kernel function,activation functions,0.5178470015525818
80,86,boltzmann machine,perceptrons algorithm,0.523444652557373
80,154,boltzmann machine,artificial neural network,0.5078026652336121
80,167,boltzmann machine,feature learning,0.5728597640991211
80,175,boltzmann machine,cross entropy,0.5283427238464355
80,176,boltzmann machine,activation functions,0.5118352174758911
80,201,boltzmann machine,information theory: coding,0.5001015663146973
81,89,expectation-maximization (em) algorithm,clustering,0.4552183151245117
81,94,expectation-maximization (em) algorithm,topic modeling,0.4793722629547119
81,111,expectation-maximization (em) algorithm,maximum likelihood estimation,0.5668008327484131
81,112,expectation-maximization (em) algorithm,graphical models,0.4468348026275635
81,113,expectation-maximization (em) algorithm,markov chain monte carlo,0.44469934701919556
81,114,expectation-maximization (em) algorithm,k means,0.49441200494766235
81,147,expectation-maximization (em) algorithm,gibbs sampling,0.4759843945503235
81,163,expectation-maximization (em) algorithm,t-sne,0.4351230263710022
81,183,expectation-maximization (em) algorithm,hierarchical models,0.4816827178001404
82,87,dimensionality reduction,svm,0.5496671795845032
82,89,dimensionality reduction,clustering,0.5908879041671753
82,90,dimensionality reduction,k-nn,0.5904165506362915
82,103,dimensionality reduction,matrix factorization,0.6251842379570007
82,104,dimensionality reduction,spectral methods,0.5529409646987915
82,106,dimensionality reduction,ensemble learning,0.444449245929718
82,114,dimensionality reduction,k means,0.4882696568965912
82,139,dimensionality reduction,spectral clustering,0.6110773086547852
82,153,dimensionality reduction,linear discriminant analysis,0.6014524698257446
82,156,dimensionality reduction,bias-variance tradeoff,0.49858182668685913
82,162,dimensionality reduction,singular-value decomposition,0.6325943470001221
82,163,dimensionality reduction,t-sne,0.690348744392395
82,167,dimensionality reduction,feature learning,0.5944709777832031
82,168,dimensionality reduction,normalization,0.4947773218154907
82,169,dimensionality reduction,regularization,0.5260784029960632
82,170,dimensionality reduction,data preprocessing,0.510532021522522
82,181,dimensionality reduction,collaborative filtering,0.4683085083961487
82,200,dimensionality reduction,descriptive statistics and hypothesis testing,0.5149964690208435
82,201,dimensionality reduction,information theory: coding,0.5027624368667603
83,97,first-order logic,knowledge representation,0.6309548616409302
83,107,first-order logic,expert systems,0.5596205592155457
83,116,first-order logic,propositional logic,0.7328585386276245
83,121,first-order logic,constraint satisfaction,0.43987560272216797
83,133,first-order logic,inference,0.5166813731193542
83,194,first-order logic,lambda calculus,0.5272740125656128
83,203,first-order logic,graph theory,0.5069882273674011
83,204,first-order logic,relational databases,0.6276930570602417
84,130,natural language generation,speech synthesis,0.6216193437576294
84,131,natural language generation,caption generation,0.6972585320472717
84,136,natural language generation,natural language interfaces,0.6861538887023926
84,138,natural language generation,paraphrasing,0.550487756729126
84,143,natural language generation,language acquisition,0.5447524785995483
84,161,natural language generation,n-gram,0.5407029986381531
84,172,natural language generation,human-robot interaction,0.43937617540359497
84,182,natural language generation,character level language models,0.6229375600814819
84,191,natural language generation,seq2seq,0.6064451336860657
85,101,noisy channel model,speech recognition,0.49679648876190186
85,137,noisy channel model,probabilistic context-free grammars,0.5147342085838318
85,144,noisy channel model,spelling correction,0.5376032590866089
85,145,noisy channel model,log-linear models,0.4925480782985687
85,148,noisy channel model,statistical machine translation,0.5041500329971313
85,184,noisy channel model,smoothing and backoff,0.5042469501495361
85,199,noisy channel model,probability,0.5052882432937622
85,201,noisy channel model,information theory: coding,0.5495313405990601
86,87,perceptrons algorithm,svm,0.5318660140037537
86,90,perceptrons algorithm,k-nn,0.5056670308113098
86,105,perceptrons algorithm,genetic algorithms,0.4646005630493164
86,154,perceptrons algorithm,artificial neural network,0.5724296569824219
86,167,perceptrons algorithm,feature learning,0.5566451549530029
86,176,perceptrons algorithm,activation functions,0.5741744637489319
87,88,svm,decision trees,0.5306551456451416
87,90,svm,k-nn,0.5439297556877136
87,106,svm,ensemble learning,0.43320319056510925
87,110,svm,bagging,0.4894000291824341
87,132,svm,linear programming,0.5876538753509521
87,153,svm,linear discriminant analysis,0.5123212933540344
87,162,svm,singular-value decomposition,0.5114291310310364
87,167,svm,feature learning,0.5319505929946899
88,106,decision trees,ensemble learning,0.5593944787979126
88,107,decision trees,expert systems,0.5366615056991577
88,110,decision trees,bagging,0.5912008285522461
88,114,decision trees,k means,0.47866886854171753
88,116,decision trees,propositional logic,0.47892245650291443
88,133,decision trees,inference,0.5180888175964355
88,174,decision trees,entropy,0.5222215056419373
88,188,decision trees,greedy algorithms,0.5988953113555908
88,202,decision trees,data structures and algorithms,0.5649324655532837
89,90,clustering,k-nn,0.6184585690498352
89,103,clustering,matrix factorization,0.5164014101028442
89,104,clustering,spectral methods,0.5039146542549133
89,109,clustering,text mining,0.5445041656494141
89,114,clustering,k means,0.8230164051055908
89,139,clustering,spectral clustering,0.7550637125968933
89,153,clustering,linear discriminant analysis,0.46298226714134216
89,173,clustering,network theory,0.5407013893127441
89,181,clustering,collaborative filtering,0.43586063385009766
89,188,clustering,greedy algorithms,0.4894673824310303
89,202,clustering,data structures and algorithms,0.5299495458602905
89,203,clustering,graph theory,0.5283191204071045
90,114,k-nn,k means,0.6228321194648743
90,139,k-nn,spectral clustering,0.5389546155929565
90,153,k-nn,linear discriminant analysis,0.47697746753692627
90,163,k-nn,t-sne,0.5902316570281982
90,177,k-nn,kullback-leibler divergence,0.5298426747322083
91,92,random walks,harmonic functions,0.4182334244251251
91,93,random walks,pagerank,0.6715187430381775
91,108,random walks,bayesian network,0.5399346947669983
91,112,random walks,graphical models,0.5736079812049866
91,113,random walks,markov chain monte carlo,0.5548928380012512
91,122,random walks,beam search,0.4451711177825928
91,140,random walks,particle filter,0.40447479486465454
91,147,random walks,gibbs sampling,0.5132194757461548
91,165,random walks,monte carlo tree search,0.4311135709285736
91,173,random walks,network theory,0.624346911907196
91,186,random walks,crawling the web,0.5171914100646973
91,187,random walks,citation networks,0.514276385307312
91,193,random walks,graph convolutional networks,0.5361438393592834
91,203,random walks,graph theory,0.6157580018043518
92,104,harmonic functions,spectral methods,0.5492429733276367
92,125,harmonic functions,differential calculus,0.39928510785102844
92,139,harmonic functions,spectral clustering,0.5172930359840393
92,173,harmonic functions,network theory,0.48001426458358765
92,176,harmonic functions,activation functions,0.4262692928314209
92,193,harmonic functions,graph convolutional networks,0.49137479066848755
92,203,harmonic functions,graph theory,0.48408234119415283
93,103,pagerank,matrix factorization,0.47221294045448303
93,108,pagerank,bayesian network,0.47521501779556274
93,118,pagerank,search engine indexing,0.48002028465270996
93,123,pagerank,recommendation system,0.4711160659790039
93,173,pagerank,network theory,0.6538213491439819
93,181,pagerank,collaborative filtering,0.5131285190582275
93,186,pagerank,crawling the web,0.6083769202232361
93,187,pagerank,citation networks,0.6130219101905823
93,203,pagerank,graph theory,0.5840597152709961
94,109,topic modeling,text mining,0.5715798139572144
94,183,topic modeling,hierarchical models,0.5455557703971863
94,190,topic modeling,document representation,0.5911087989807129
95,135,word2vec,wordnet,0.5734823346138
95,149,word2vec,compositional semantics,0.5404468774795532
95,155,word2vec,bag of words model,0.6052201390266418
95,182,word2vec,character level language models,0.5969571471214294
95,190,word2vec,document representation,0.601485013961792
95,191,word2vec,seq2seq,0.5513826608657837
95,197,word2vec,multi-modal learning,0.4901699721813202
96,99,cnn's,autonomous cars,0.4470300078392029
96,126,cnn's,facial recognition systems,0.4943923354148865
96,157,cnn's,computer vision,0.5391759276390076
96,159,cnn's,imagenet,0.6696138978004456
96,160,cnn's,object detection,0.6043854355812073
96,167,cnn's,feature learning,0.49276870489120483
96,193,cnn's,graph convolutional networks,0.5372282862663269
96,195,cnn's,highway networks,0.5389215350151062
97,107,knowledge representation,expert systems,0.6299174427986145
97,116,knowledge representation,propositional logic,0.5494659543037415
97,135,knowledge representation,wordnet,0.5684441328048706
97,190,knowledge representation,document representation,0.5711193084716797
97,203,knowledge representation,graph theory,0.5946252346038818
97,204,knowledge representation,relational databases,0.5706115961074829
98,113,markov decision processes,markov chain monte carlo,0.6030313968658447
98,140,markov decision processes,particle filter,0.4442845582962036
98,142,markov decision processes,dynamic programming,0.5688197016716003
98,165,markov decision processes,monte carlo tree search,0.547298789024353
98,171,markov decision processes,robotic locomotion,0.3942028284072876
98,185,markov decision processes,policy gradient methods,0.6030791401863098
98,192,markov decision processes,game playing in ai,0.5561930537223816
98,199,markov decision processes,probability,0.497239351272583
99,133,autonomous cars,inference,0.42302343249320984
99,157,autonomous cars,computer vision,0.4573441445827484
99,159,autonomous cars,imagenet,0.407831609249115
99,160,autonomous cars,object detection,0.5908666849136353
99,171,autonomous cars,robotic locomotion,0.3942011594772339
99,195,autonomous cars,highway networks,0.4693148136138916
100,101,phonetics,speech recognition,0.6090352535247803
100,130,phonetics,speech synthesis,0.5461399555206299
100,141,phonetics,prosody,0.6255835890769958
100,143,phonetics,language acquisition,0.4300678074359894
100,167,phonetics,feature learning,0.35785818099975586
100,182,phonetics,character level language models,0.3760766088962555
100,184,phonetics,smoothing and backoff,0.36273884773254395
101,130,speech recognition,speech synthesis,0.7072569727897644
101,141,speech recognition,prosody,0.6485176682472229
101,143,speech recognition,language acquisition,0.5607640147209167
101,172,speech recognition,human-robot interaction,0.4447442889213562
101,182,speech recognition,character level language models,0.5727218389511108
101,184,speech recognition,smoothing and backoff,0.5233553647994995
102,109,crowdsourcing,text mining,0.4700689911842346
102,110,crowdsourcing,bagging,0.4023696184158325
102,118,crowdsourcing,search engine indexing,0.42505183815956116
102,133,crowdsourcing,inference,0.4255602955818176
102,136,crowdsourcing,natural language interfaces,0.4135172963142395
102,157,crowdsourcing,computer vision,0.4174271821975708
103,104,matrix factorization,spectral methods,0.551235020160675
103,123,matrix factorization,recommendation system,0.6819873452186584
103,124,matrix factorization,matrix multiplication,0.5936497449874878
103,139,matrix factorization,spectral clustering,0.5861773490905762
103,162,matrix factorization,singular-value decomposition,0.7614396810531616
103,168,matrix factorization,normalization,0.4763958156108856
103,173,matrix factorization,network theory,0.5221124887466431
103,181,matrix factorization,collaborative filtering,0.7446738481521606
103,198,matrix factorization,linear algebra,0.5613408088684082
103,205,matrix factorization,dual decomposition,0.43582069873809814
104,139,spectral methods,spectral clustering,0.8264935612678528
104,153,spectral methods,linear discriminant analysis,0.49259263277053833
104,162,spectral methods,singular-value decomposition,0.5613908767700195
104,163,spectral methods,t-sne,0.5148698091506958
104,173,spectral methods,network theory,0.5571165084838867
104,198,spectral methods,linear algebra,0.5055215358734131
104,203,spectral methods,graph theory,0.5782172679901123
105,117,genetic algorithms,gradient descent,0.5365981459617615
105,122,genetic algorithms,beam search,0.45225438475608826
105,132,genetic algorithms,linear programming,0.44935086369514465
105,142,genetic algorithms,dynamic programming,0.4962407350540161
105,154,genetic algorithms,artificial neural network,0.5152314901351929
105,188,genetic algorithms,greedy algorithms,0.5005557537078857
105,192,genetic algorithms,game playing in ai,0.4556187093257904
106,110,ensemble learning,bagging,0.7604503035545349
106,133,ensemble learning,inference,0.4453445374965668
106,200,ensemble learning,descriptive statistics and hypothesis testing,0.43526607751846313
107,108,expert systems,bayesian network,0.5843181610107422
107,112,expert systems,graphical models,0.4896460175514221
107,116,expert systems,propositional logic,0.5769094824790955
107,121,expert systems,constraint satisfaction,0.45919203758239746
107,133,expert systems,inference,0.5449252128601074
107,154,expert systems,artificial neural network,0.4980972111225128
107,172,expert systems,human-robot interaction,0.4346509575843811
107,204,expert systems,relational databases,0.5347871780395508
108,112,bayesian network,graphical models,0.7747119665145874
108,113,bayesian network,markov chain monte carlo,0.5367187857627869
108,147,bayesian network,gibbs sampling,0.5560137629508972
108,152,bayesian network,conditional probability,0.6246050596237183
108,173,bayesian network,network theory,0.6267967820167542
108,183,bayesian network,hierarchical models,0.6026160717010498
108,187,bayesian network,citation networks,0.5120946764945984
108,199,bayesian network,probability,0.6240300536155701
108,203,bayesian network,graph theory,0.5942238569259644
109,114,text mining,k means,0.5054194331169128
109,118,text mining,search engine indexing,0.5866625308990479
109,179,text mining,query expansion,0.5022411942481995
109,180,text mining,bio text mining,0.6603391766548157
109,186,text mining,crawling the web,0.48469477891921997
109,190,text mining,document representation,0.6150239109992981
110,155,bagging,bag of words model,0.4975461959838867
110,170,bagging,data preprocessing,0.4781118631362915
110,200,bagging,descriptive statistics and hypothesis testing,0.48265933990478516
111,132,maximum likelihood estimation,linear programming,0.528347909450531
111,133,maximum likelihood estimation,inference,0.5652245879173279
111,140,maximum likelihood estimation,particle filter,0.4217531085014343
111,145,maximum likelihood estimation,log-linear models,0.6165825128555298
111,152,maximum likelihood estimation,conditional probability,0.5284722447395325
111,156,maximum likelihood estimation,bias-variance tradeoff,0.5074576139450073
111,164,maximum likelihood estimation,loss function,0.5865982174873352
111,169,maximum likelihood estimation,regularization,0.5398752689361572
111,174,maximum likelihood estimation,entropy,0.5514307022094727
111,175,maximum likelihood estimation,cross entropy,0.5859065651893616
111,177,maximum likelihood estimation,kullback-leibler divergence,0.5673679709434509
111,199,maximum likelihood estimation,probability,0.6503727436065674
111,200,maximum likelihood estimation,descriptive statistics and hypothesis testing,0.5094609260559082
112,113,graphical models,markov chain monte carlo,0.5774707794189453
112,145,graphical models,log-linear models,0.5807750225067139
112,147,graphical models,gibbs sampling,0.6041115522384644
112,152,graphical models,conditional probability,0.5602483153343201
112,166,graphical models,structured prediction,0.598956286907196
112,183,graphical models,hierarchical models,0.6476249098777771
112,187,graphical models,citation networks,0.44234544038772583
112,193,graphical models,graph convolutional networks,0.5294879674911499
112,203,graphical models,graph theory,0.5824044942855835
113,140,markov chain monte carlo,particle filter,0.5782091617584229
113,147,markov chain monte carlo,gibbs sampling,0.8404145836830139
113,165,markov chain monte carlo,monte carlo tree search,0.5777198672294617
113,199,markov chain monte carlo,probability,0.5150536298751831
114,139,k means,spectral clustering,0.6545490026473999
114,188,k means,greedy algorithms,0.5144965648651123
114,202,k means,data structures and algorithms,0.4621883034706116
115,128,earley parsing,grammar checker,0.5489417314529419
115,129,earley parsing,shift-reduce parsing,0.643526017665863
115,137,earley parsing,probabilistic context-free grammars,0.6886603832244873
115,151,earley parsing,chomsky hierarchy,0.5267438292503357
116,120,propositional logic,textual entailment,0.47837311029434204
116,121,propositional logic,constraint satisfaction,0.449916273355484
116,133,propositional logic,inference,0.5243808627128601
116,152,propositional logic,conditional probability,0.4738132357597351
116,194,propositional logic,lambda calculus,0.4636330008506775
116,199,propositional logic,probability,0.48848918080329895
116,204,propositional logic,relational databases,0.5410138368606567
117,125,gradient descent,differential calculus,0.6118628978729248
117,154,gradient descent,artificial neural network,0.6059194803237915
117,164,gradient descent,loss function,0.6539241075515747
117,168,gradient descent,normalization,0.5210954546928406
117,169,gradient descent,regularization,0.5620602369308472
117,176,gradient descent,activation functions,0.5531762838363647
117,185,gradient descent,policy gradient methods,0.5522838830947876
117,205,gradient descent,dual decomposition,0.47333189845085144
118,158,search engine indexing,image retrieval,0.5306761860847473
118,179,search engine indexing,query expansion,0.648665189743042
118,186,search engine indexing,crawling the web,0.7393238544464111
118,190,search engine indexing,document representation,0.5515400171279907
118,202,search engine indexing,data structures and algorithms,0.5184142589569092
119,150,tokenization,edit distance,0.46389907598495483
119,182,tokenization,character level language models,0.5714582204818726
119,190,tokenization,document representation,0.6223942637443542
120,135,textual entailment,wordnet,0.5197356343269348
120,136,textual entailment,natural language interfaces,0.5680553913116455
120,138,textual entailment,paraphrasing,0.6062253713607788
120,149,textual entailment,compositional semantics,0.5851618647575378
121,122,constraint satisfaction,beam search,0.42129087448120117
121,132,constraint satisfaction,linear programming,0.6108031272888184
121,142,constraint satisfaction,dynamic programming,0.4665992558002472
121,188,constraint satisfaction,greedy algorithms,0.41048675775527954
121,204,constraint satisfaction,relational databases,0.47423309087753296
122,132,beam search,linear programming,0.447414755821228
122,142,beam search,dynamic programming,0.5204190015792847
122,179,beam search,query expansion,0.42505550384521484
122,186,beam search,crawling the web,0.44362974166870117
122,188,beam search,greedy algorithms,0.4987640380859375
122,203,beam search,graph theory,0.42991864681243896
123,124,recommendation system,matrix multiplication,0.4627821445465088
123,162,recommendation system,singular-value decomposition,0.5200856924057007
123,167,recommendation system,feature learning,0.4497586786746979
123,169,recommendation system,regularization,0.4535001218318939
123,173,recommendation system,network theory,0.49465256929397583
123,179,recommendation system,query expansion,0.436664342880249
123,181,recommendation system,collaborative filtering,0.8525264263153076
123,198,recommendation system,linear algebra,0.43782860040664673
124,154,matrix multiplication,artificial neural network,0.48930680751800537
124,157,matrix multiplication,computer vision,0.48612892627716064
124,162,matrix multiplication,singular-value decomposition,0.536694347858429
124,168,matrix multiplication,normalization,0.5253696441650391
124,176,matrix multiplication,activation functions,0.5266516804695129
124,198,matrix multiplication,linear algebra,0.7002704739570618
124,202,matrix multiplication,data structures and algorithms,0.5402226448059082
125,154,differential calculus,artificial neural network,0.47910964488983154
125,164,differential calculus,loss function,0.4685383439064026
125,176,differential calculus,activation functions,0.5141206979751587
125,194,differential calculus,lambda calculus,0.49485182762145996
125,198,differential calculus,linear algebra,0.5402341485023499
125,199,differential calculus,probability,0.5080052614212036
126,157,facial recognition systems,computer vision,0.5241684913635254
126,158,facial recognition systems,image retrieval,0.5223115682601929
126,159,facial recognition systems,imagenet,0.5228190422058105
126,160,facial recognition systems,object detection,0.5049635171890259
126,167,facial recognition systems,feature learning,0.44936543703079224
126,195,facial recognition systems,highway networks,0.4505833387374878
126,197,facial recognition systems,multi-modal learning,0.4483802914619446
127,134,backpropagation through time,long short-term memory networks,0.6528393626213074
127,142,backpropagation through time,dynamic programming,0.5096824765205383
127,146,backpropagation through time,gated recurrent units,0.6618772745132446
127,176,backpropagation through time,activation functions,0.5296474695205688
127,178,backpropagation through time,bidirectional recurrent neural networks,0.6166108250617981
127,182,backpropagation through time,character level language models,0.5334154367446899
127,196,backpropagation through time,stack lstm,0.5441882014274597
128,137,grammar checker,probabilistic context-free grammars,0.5472293496131897
128,144,grammar checker,spelling correction,0.7463250756263733
128,150,grammar checker,edit distance,0.4702065587043762
128,161,grammar checker,n-gram,0.5322682857513428
129,151,shift-reduce parsing,chomsky hierarchy,0.49879521131515503
129,196,shift-reduce parsing,stack lstm,0.5780426859855652
130,141,speech synthesis,prosody,0.584710419178009
130,182,speech synthesis,character level language models,0.5644606351852417
130,191,speech synthesis,seq2seq,0.5013558864593506
131,136,caption generation,natural language interfaces,0.5757862329483032
131,158,caption generation,image retrieval,0.5108834505081177
131,159,caption generation,imagenet,0.5115693211555481
131,160,caption generation,object detection,0.4439930319786072
131,172,caption generation,human-robot interaction,0.43044978380203247
131,182,caption generation,character level language models,0.5529995560646057
131,191,caption generation,seq2seq,0.5555683374404907
131,197,caption generation,multi-modal learning,0.49256783723831177
132,142,linear programming,dynamic programming,0.5245935916900635
132,153,linear programming,linear discriminant analysis,0.5122793912887573
132,188,linear programming,greedy algorithms,0.5460222363471985
132,198,linear programming,linear algebra,0.588752031326294
132,205,linear programming,dual decomposition,0.5553025603294373
133,152,inference,conditional probability,0.5357578992843628
133,157,inference,computer vision,0.5351079702377319
133,167,inference,feature learning,0.532691478729248
133,170,inference,data preprocessing,0.4977929890155792
133,194,inference,lambda calculus,0.405492901802063
133,199,inference,probability,0.6088026762008667
133,200,inference,descriptive statistics and hypothesis testing,0.5353683233261108
134,146,long short-term memory networks,gated recurrent units,0.7707105278968811
134,154,long short-term memory networks,artificial neural network,0.5317444801330566
134,176,long short-term memory networks,activation functions,0.5542232394218445
134,178,long short-term memory networks,bidirectional recurrent neural networks,0.7237075567245483
134,182,long short-term memory networks,character level language models,0.5706802606582642
134,195,long short-term memory networks,highway networks,0.6026853919029236
134,196,long short-term memory networks,stack lstm,0.6685279011726379
135,155,wordnet,bag of words model,0.516586422920227
135,159,wordnet,imagenet,0.5110300779342651
136,172,natural language interfaces,human-robot interaction,0.6061111688613892
137,151,probabilistic context-free grammars,chomsky hierarchy,0.5889533162117004
137,152,probabilistic context-free grammars,conditional probability,0.4929286241531372
137,166,probabilistic context-free grammars,structured prediction,0.5917100310325623
137,184,probabilistic context-free grammars,smoothing and backoff,0.5448787212371826
139,153,spectral clustering,linear discriminant analysis,0.4807697534561157
139,162,spectral clustering,singular-value decomposition,0.5655645132064819
139,163,spectral clustering,t-sne,0.5703837871551514
139,173,spectral clustering,network theory,0.6329043507575989
139,181,spectral clustering,collaborative filtering,0.4535217881202698
139,203,spectral clustering,graph theory,0.6006889343261719
140,147,particle filter,gibbs sampling,0.49011093378067017
140,166,particle filter,structured prediction,0.40662682056427
140,171,particle filter,robotic locomotion,0.41955119371414185
140,199,particle filter,probability,0.4211897850036621
141,143,prosody,language acquisition,0.4762868285179138
141,161,prosody,n-gram,0.4062408208847046
141,167,prosody,feature learning,0.43965938687324524
141,199,prosody,probability,0.4027101993560791
142,185,dynamic programming,policy gradient methods,0.5221020579338074
142,188,dynamic programming,greedy algorithms,0.49230605363845825
142,192,dynamic programming,game playing in ai,0.44336625933647156
143,161,language acquisition,n-gram,0.5180018544197083
144,148,spelling correction,statistical machine translation,0.5550748109817505
144,150,spelling correction,edit distance,0.6035842895507812
144,182,spelling correction,character level language models,0.555733323097229
144,184,spelling correction,smoothing and backoff,0.5215860605239868
145,166,log-linear models,structured prediction,0.536443829536438
145,175,log-linear models,cross entropy,0.5383103489875793
145,183,log-linear models,hierarchical models,0.5435324311256409
145,199,log-linear models,probability,0.568735659122467
146,176,gated recurrent units,activation functions,0.5228536128997803
146,178,gated recurrent units,bidirectional recurrent neural networks,0.6794975996017456
146,182,gated recurrent units,character level language models,0.5935656428337097
146,191,gated recurrent units,seq2seq,0.547845721244812
146,195,gated recurrent units,highway networks,0.5702736377716064
146,196,gated recurrent units,stack lstm,0.5974999666213989
147,165,gibbs sampling,monte carlo tree search,0.43983712792396545
147,183,gibbs sampling,hierarchical models,0.5486735105514526
147,199,gibbs sampling,probability,0.5202777981758118
148,150,statistical machine translation,edit distance,0.4594728946685791
148,182,statistical machine translation,character level language models,0.5865985751152039
148,184,statistical machine translation,smoothing and backoff,0.5436285734176636
149,194,compositional semantics,lambda calculus,0.38831382989883423
149,197,compositional semantics,multi-modal learning,0.4911746680736542
152,174,conditional probability,entropy,0.5104848146438599
152,175,conditional probability,cross entropy,0.49422645568847656
152,199,conditional probability,probability,0.7751286029815674
153,162,linear discriminant analysis,singular-value decomposition,0.5010603666305542
153,198,linear discriminant analysis,linear algebra,0.5459604263305664
154,157,artificial neural network,computer vision,0.553898811340332
154,167,artificial neural network,feature learning,0.5791714191436768
154,168,artificial neural network,normalization,0.5004076361656189
154,176,artificial neural network,activation functions,0.7035523653030396
155,161,bag of words model,n-gram,0.5661170482635498
155,190,bag of words model,document representation,0.661764919757843
156,169,bias-variance tradeoff,regularization,0.607861340045929
156,174,bias-variance tradeoff,entropy,0.5004714131355286
156,175,bias-variance tradeoff,cross entropy,0.4860205054283142
156,177,bias-variance tradeoff,kullback-leibler divergence,0.564896285533905
156,199,bias-variance tradeoff,probability,0.5079672336578369
156,200,bias-variance tradeoff,descriptive statistics and hypothesis testing,0.49558573961257935
157,158,computer vision,image retrieval,0.5882113575935364
157,159,computer vision,imagenet,0.5555152297019958
157,160,computer vision,object detection,0.5132181644439697
157,167,computer vision,feature learning,0.5957229733467102
157,198,computer vision,linear algebra,0.5162779092788696
158,159,image retrieval,imagenet,0.5448006987571716
158,167,image retrieval,feature learning,0.5919355154037476
158,179,image retrieval,query expansion,0.50928795337677
158,190,image retrieval,document representation,0.5607682466506958
158,197,image retrieval,multi-modal learning,0.5138130187988281
159,160,imagenet,object detection,0.5895013213157654
159,195,imagenet,highway networks,0.5730825662612915
160,195,object detection,highway networks,0.4536546468734741
161,182,n-gram,character level language models,0.6249744892120361
161,184,n-gram,smoothing and backoff,0.6625531911849976
161,190,n-gram,document representation,0.5469702482223511
162,163,singular-value decomposition,t-sne,0.49730557203292847
162,181,singular-value decomposition,collaborative filtering,0.5590400099754333
162,198,singular-value decomposition,linear algebra,0.5662534832954407
162,205,singular-value decomposition,dual decomposition,0.5001609325408936
163,167,t-sne,feature learning,0.48794788122177124
163,173,t-sne,network theory,0.4777883291244507
164,169,loss function,regularization,0.5258775353431702
164,174,loss function,entropy,0.586698055267334
164,175,loss function,cross entropy,0.6641044020652771
164,176,loss function,activation functions,0.5407041907310486
164,177,loss function,kullback-leibler divergence,0.541231632232666
164,199,loss function,probability,0.5634139776229858
164,201,loss function,information theory: coding,0.517926037311554
165,185,monte carlo tree search,policy gradient methods,0.5160648822784424
165,192,monte carlo tree search,game playing in ai,0.7036092877388
166,170,structured prediction,data preprocessing,0.4947170615196228
166,183,structured prediction,hierarchical models,0.5703927874565125
167,168,feature learning,normalization,0.5289971828460693
167,169,feature learning,regularization,0.5339085459709167
167,190,feature learning,document representation,0.604107141494751
167,197,feature learning,multi-modal learning,0.4940571188926697
167,201,feature learning,information theory: coding,0.5080319046974182
168,169,normalization,regularization,0.5771564841270447
168,176,normalization,activation functions,0.5175074934959412
169,205,regularization,dual decomposition,0.4827007055282593
170,199,data preprocessing,probability,0.5042786598205566
170,200,data preprocessing,descriptive statistics and hypothesis testing,0.6343668103218079
170,204,data preprocessing,relational databases,0.5486956238746643
171,172,robotic locomotion,human-robot interaction,0.466555118560791
171,185,robotic locomotion,policy gradient methods,0.5020475387573242
171,192,robotic locomotion,game playing in ai,0.4250556230545044
173,181,network theory,collaborative filtering,0.5029659867286682
173,186,network theory,crawling the web,0.4874851107597351
173,187,network theory,citation networks,0.6874679923057556
173,193,network theory,graph convolutional networks,0.6338784694671631
173,202,network theory,data structures and algorithms,0.5279662609100342
173,203,network theory,graph theory,0.8955748081207275
174,175,entropy,cross entropy,0.789645791053772
174,177,entropy,kullback-leibler divergence,0.7200421094894409
174,199,entropy,probability,0.718019962310791
174,200,entropy,descriptive statistics and hypothesis testing,0.5402866005897522
174,201,entropy,information theory: coding,0.6928041577339172
175,177,cross entropy,kullback-leibler divergence,0.700803279876709
175,199,cross entropy,probability,0.6523587703704834
175,201,cross entropy,information theory: coding,0.6727678775787354
176,194,activation functions,lambda calculus,0.43005940318107605
177,199,kullback-leibler divergence,probability,0.6298412084579468
177,201,kullback-leibler divergence,information theory: coding,0.5254546999931335
178,182,bidirectional recurrent neural networks,character level language models,0.6346454620361328
178,189,bidirectional recurrent neural networks,pointer networks,0.5700733065605164
178,191,bidirectional recurrent neural networks,seq2seq,0.6060190200805664
178,195,bidirectional recurrent neural networks,highway networks,0.555014431476593
178,196,bidirectional recurrent neural networks,stack lstm,0.624448299407959
179,186,query expansion,crawling the web,0.5104993581771851
179,190,query expansion,document representation,0.5009745359420776
180,187,bio text mining,citation networks,0.48236432671546936
180,190,bio text mining,document representation,0.506822943687439
182,184,character level language models,smoothing and backoff,0.5759972333908081
182,189,character level language models,pointer networks,0.5799660086631775
182,191,character level language models,seq2seq,0.6438077092170715
182,195,character level language models,highway networks,0.5405250191688538
182,196,character level language models,stack lstm,0.578611433506012
183,199,hierarchical models,probability,0.5149551033973694
183,205,hierarchical models,dual decomposition,0.43129032850265503
185,192,policy gradient methods,game playing in ai,0.5910487174987793
186,203,crawling the web,graph theory,0.5200954079627991
187,193,citation networks,graph convolutional networks,0.5832427740097046
187,203,citation networks,graph theory,0.5910707116127014
188,202,greedy algorithms,data structures and algorithms,0.5635780096054077
189,191,pointer networks,seq2seq,0.5957598686218262
189,195,pointer networks,highway networks,0.548690676689148
189,196,pointer networks,stack lstm,0.5706869959831238
191,196,seq2seq,stack lstm,0.5850603580474854
193,195,graph convolutional networks,highway networks,0.5131794214248657
193,203,graph convolutional networks,graph theory,0.6384384036064148
194,198,lambda calculus,linear algebra,0.497046560049057
194,202,lambda calculus,data structures and algorithms,0.44723498821258545
194,203,lambda calculus,graph theory,0.39679962396621704
194,204,lambda calculus,relational databases,0.3947715759277344
195,196,highway networks,stack lstm,0.5738914012908936
198,199,linear algebra,probability,0.5537143349647522
198,202,linear algebra,data structures and algorithms,0.571617603302002
198,203,linear algebra,graph theory,0.5894849896430969
199,200,probability,descriptive statistics and hypothesis testing,0.6412333250045776
199,201,probability,information theory: coding,0.5859965682029724
201,202,information theory: coding,data structures and algorithms,0.5636028051376343
202,203,data structures and algorithms,graph theory,0.6077929735183716
202,204,data structures and algorithms,relational databases,0.5826934576034546
203,204,graph theory,relational databases,0.5049684643745422
