lecture,pdf_file,pdf_page,page_title,summary,key_topics
1,DGL_Lecture_1_Annotated.pdf,1,Graph Types and Representations,"This lecture page introduces fundamental graph theory concepts essential for Deep Graph Learning, categorizing graphs by their structural properties such as directionality, weighting, and connectivity. It defines specific graph classes including simple, complete, hyper, heterogeneous, and annotated graphs, providing formal definitions and visual examples for each. The content concludes by detailing how graphs are mathematically represented using adjacency, feature, and edge matrices to facilitate computational processing.",graph taxonomy|graph representation|matrix encoding|graph properties
1,DGL_Lecture_1_Annotated.pdf,2,Graph Properties and Matrix Representations,"This lecture page introduces fundamental graph properties including connectivity, scale, and permutation invariance, alongside matrix representations like adjacency matrices. It covers topological concepts such as efficiency, resilience, and centrality measures, while exploring spectral properties through eigen decomposition and matrix powers for analyzing graph walks.",adjacency matrix|graph topology|permutation invariance|eigen decomposition|graph walks|centrality measures
1,DGL_Lecture_1_Annotated.pdf,3,Graph Neural Network Prediction Tasks,"This page details three primary prediction tasks in Deep Graph Learning: graph classification, node classification, and edge prediction. It illustrates how Graph Neural Networks (GNNs) generate node embeddings which are then processed via pooling or dot products to produce outputs for these tasks. The page also provides the mathematical definitions for the logistic activation (sigmoid) function and its derivative, which are used to map network outputs to probabilities.",graph classification|node classification|edge prediction|node embedding|logistic activation
2,DGL_Lecture_2_Annotated.pdf,1,"Deep Learning Preliminaries: Regression, Networks, and Representation Learning","This lecture page reviews supervised regression models, contrasting single and multi-output linear approaches with their corresponding neural network architectures. It introduces the transition from hand-crafted features to learnable representations via matrix factorization techniques like PCA and K-Means. Finally, it outlines the structure of deep nonlinear networks, emphasizing composition, activation functions, and backpropagation.",supervised regression|neural network architecture|matrix factorization|representation learning|deep learning
2,DGL_Lecture_2_Annotated.pdf,2,Feature Embedding and Graph-Based Learning,"This lecture page contrasts traditional machine learning formalization, where data points are treated as independent samples on a high-dimensional manifold, with graph-based learning approaches that model interactions between data points. It introduces manifold learning concepts including intrinsic and extrinsic dimensions, and explains how graph neural networks can extract node-based, edge-based, and graph-based features to capture relationships in data.",manifold learning|feature embedding|graph neural networks|dimensionality reduction|graph-based features
2,DGL_Lecture_2_Annotated.pdf,3,Graph Neural Networks and Node Embedding,"This lecture page contrasts classical node embedding with Graph Convolutional Networks (GCNs), emphasizing the shift from individualistic to collectivist learning paradigms. It details the GCN layer-wise propagation rule, including self-loop augmentation and normalization to manage gradient stability. The content also covers the mathematical foundations of node similarity, receptive fields via graph walks, and the architecture of deep sequential representation learning.",graph convolutional network|node embedding|message passing|graph adjacency matrix|receptive field|layer-wise normalization
2,DGL_Lecture_2_Annotated.pdf,4,Graph Convolutional Network Layer Mechanics and Graph Classification,"This page details the mathematical formulation of Graph Convolutional Network (GCN) layers, specifically focusing on the update rules for node embeddings through neighborhood aggregation and linear transformation. It contrasts the 'vanilla' GCN approach with enhanced versions that include learnable self-loops or separate self-transformation weights. The lecture concludes by demonstrating how these sequential layers are utilized for graph-level tasks, such as graph classification, using a readout function and an MLP classifier.",graph convolutional network|message passing|node embedding|graph classification|self-loop augmentation
2,DGL_Lecture_2_Annotated.pdf,5,Graph Learning Research Trends and Tasks,"This page presents an overview of current research trends in graph learning, highlighting popular tasks, keyword rankings, and method usage over time. It includes visualizations of task distribution, top keywords from 2022-2023, and the frequency of various machine learning topics. The content emphasizes the growing interest in graph neural networks, transformers, and self-supervised learning approaches.",graph learning tasks|research trends|keyword analysis|method popularity
3,DGL_Lecture_3_Annotated.pdf,1,GCN Training and Optimization Pipeline,"This page details the training process for Graph Convolutional Networks (GCNs), focusing on the message passing mechanism, loss function optimization via gradient descent, and the distinction between transductive and inductive learning. It outlines the mathematical formulation for updating node embeddings through neighborhood aggregation and linear transformation, and defines the prediction heads for node and edge classification tasks.",graph convolutional network|message passing|gradient descent|node classification|edge prediction|inductive learning
3,DGL_Lecture_3_Annotated.pdf,2,Graph-Level Prediction and Inductive Capability of GCNs,"This lecture page explores the inductive capability of Graph Convolutional Networks (GCNs), focusing on their ability to generalize to new nodes and graphs of varying sizes. It details methods for graph-level prediction, specifically how to combine node embeddings into a single graph representation using global pooling techniques like mean, max, and sum. The content also introduces hierarchical pooling (DiffPool) as a method to better differentiate graph structures and discusses the importance of parameter sharing for efficient learning across different graph topologies.",inductive capability|graph-level prediction|global pooling|parameter sharing|hierarchical pooling
3,DGL_Lecture_3_Annotated.pdf,3,GNN Layer Operations and Architecture,"This page details the core components and operational flow of a Graph Neural Network (GNN) layer. It highlights the flexibility in ordering aggregation and transformation steps, the role of message passing, and the inclusion of regularization techniques like dropout and batch normalization to stabilize training and improve expressiveness.",graph neural network|message passing|aggregation|batch normalization|dropout|non-linearity
3,DGL_Lecture_3_Annotated.pdf,4,Graph Neural Network Aggregation and Attention Mechanisms,"This page details the core operations of Graph Neural Networks (GNNs), focusing on local and global aggregation strategies. It contrasts standard Graph Convolutional Networks (GCNs) using Kipf normalization with Graph Attention Networks (GATs) that utilize learnable attention weights. The content covers specific mathematical formulations for message passing, including mean aggregation, max pooling, and the integration of softmax-normalized attention masks.",graph neural network|message passing|graph attention network|graph convolutional network|aggregation|kipf normalization|attention masking
4,DGL_Lecture_4_Annotated.pdf,1,GNN Training Strategies and Batching,"This lecture page details the computational challenges of training Graph Neural Networks (GNNs), specifically the graph expansion problem where receptive fields grow exponentially with depth. It compares three optimization strategies: Stochastic Gradient Descent (SGD), Batch Gradient Descent, and Mini-batch Gradient Descent, highlighting the trade-offs in memory usage, convergence stability, and computational efficiency. The page introduces GraphSAGE as a solution for scalable training through random neighborhood sampling and discusses graph partitioning as an alternative batching method.",graph expansion problem|mini-batch gradient descent|graphsage|receptive field|node embedding computation graph|graph partitioning
4,DGL_Lecture_4_Annotated.pdf,2,GNN Training: Sampling Strategies and Batch Normalization,"This lecture page details methods to improve the computational efficiency and stability of training Graph Neural Networks (GNNs) on large graphs. It contrasts three primary sampling strategies—node-wise (GraphSAGE), layer-wise (FastGCN), and subgraph-based (ClusterGCN, GraphSAINT)—highlighting their trade-offs regarding memory usage, redundancy, and structural preservation. Additionally, it explains the role of Batch Normalization (BN) in stabilizing forward propagation, controlling covariate shift, and enabling higher learning rates through regularization.",graph neural network training|sampling strategies|batch normalization|computational efficiency|covariate shift
4,DGL_Lecture_4_Annotated.pdf,3,GNN Layer Architecture and Dropout Regularization,"This page details the components of a single Graph Neural Network (GNN) layer, including transformation, aggregation, and normalization steps. It focuses on the application of dropout as a regularization technique to prevent overfitting and increase expressiveness, distinguishing it from sampling methods. The concept of GNN expressive power is introduced, highlighting the ability to distinguish between different graph structures.",gnn layer components|dropout regularization|gnn expressiveness|message passing
4,DGL_Lecture_4_Annotated.pdf,4,Inductive vs. Transductive Learning and Graph Classification,"This page contrasts inductive and transductive learning paradigms in graph neural networks, highlighting differences in training data access, memory usage, and generalization capabilities. It details the architecture for graph classification, involving node embeddings, global pooling, and a sigmoid activation for output prediction. Formulas for both graph-level and node-level classification are presented, emphasizing the role of learned weights and bias terms.",inductive learning|transductive learning|graph classification|node classification|global pooling|graph neural network
5,DGL_Lecture_5_Annotated.pdf,1,Permutation Invariance and Equivariance in Graph Neural Networks,"This lecture page defines and contrasts permutation invariance and equivariance within the context of Graph Neural Networks (GNNs). It establishes that GNNs must be permutation invariant for graph-level tasks (like classification) so that the output does not depend on node indexing, while node-level tasks require permutation equivariance where embeddings permute consistently with the input. The content includes mathematical formalizations using permutation matrices to demonstrate how adjacency and feature matrices transform under reordering.",permutation invariance|permutation equivariance|graph neural networks|permutation matrices|graph classification
5,DGL_Lecture_5_Annotated.pdf,2,Expressive Power of Graph Neural Networks and the Weisfeiler-Lehman Test,"This lecture page explores the theoretical limits of Graph Neural Networks (GNNs) in distinguishing graph structures, defining expressive power as the ability to map distinct local neighborhoods to unique embeddings. It introduces the Graph Isomorphism Network (GIN) as a model designed to achieve maximum expressiveness by utilizing injective aggregation functions, mathematically equivalent to the Weisfeiler-Lehman (WL) graph isomorphism test. The content contrasts standard aggregators like mean and max, which fail to distinguish certain non-isomorphic graphs, with the WL color refinement algorithm that iteratively hashes neighborhood structures to differentiate nodes.",expressive power of gnn|weisfeiler-lehman graph isomorphism test|injective aggregation|graph isomorphism network|node computational graph
5,DGL_Lecture_5_Annotated.pdf,3,Graph Isomorphism Network (GIN) and Expressiveness,"This page details the Graph Isomorphism Network (GIN), a maximally expressive GNN architecture that matches the power of the Weisfeiler-Lehman (WL) test. It presents the theoretical conditions for GNN expressiveness, specifically requiring injective aggregation functions, and contrasts GIN with less expressive models like GCN and GraphSAGE. The page includes the specific GIN message update rule and architectural diagrams illustrating pre-layers, GNN layers, and post-layers for node and graph classification tasks.",graph isomorphism network|weisfeiler-lehman test|gnn expressiveness|injective aggregation|message passing
6,DGL_Lecture_6_Annotated.pdf,1,Generative Learning Tasks Formalization,"This page outlines the formalization of generative learning tasks in Graph Neural Networks (GNNs), distinguishing between predictive analysis and distribution learning for graph generation. It details supervised generative GNN tasks, including the generation of adjacency matrices, node features, and edge features, along with corresponding mapping functions and loss functions. The page also illustrates various applications such as graph super-resolution, multigraph prediction, and brain graph evolution prediction.",generative learning tasks|graph neural network aims|supervised generative gnn tasks|adjacency matrix generation|node feature generation|edge feature generation|gnn mapping function|gnn loss function|graph super-resolution|brain graph evolution prediction
6,DGL_Lecture_6_Annotated.pdf,2,Generative Graph Learning and Taxonomy,"This page formalizes generative learning tasks for graphs, distinguishing between graph encoders (graph to embeddings) and decoders (embeddings to graphs). It outlines the utility of graph generation for understanding formation processes and predicting new structures, such as molecules or brain connectivity graphs. The content details the machine learning basics for self-supervised generation, focusing on density estimation via maximum likelihood and sampling from noise distributions. Finally, it presents a comprehensive taxonomy of deep graph generation methods, categorizing them into unconditional and conditional approaches with specific sequential and one-shot techniques.",generative graph learning|graph generation taxonomy|maximum likelihood estimation|density estimation|self-supervised learning|sequential graph generation
6,DGL_Lecture_6_Annotated.pdf,3,Generative Graph Neural Networks and Graph Pooling,"This page covers generative models for graphs, including GraphVAE and various one-shot generation methods using MLPs and message passing. It details the taxonomy of generative GNN tasks, distinguishing between self-supervised and supervised approaches like conditional generation and node-edge co-transformation. The page also introduces Graph U-Nets, focusing on the proposed graph pooling (gPool) and unpooling (gUnpool) layers that utilize top-k node selection and skip connections for hierarchical graph representation learning.",graph generation|variational autoencoder|graph pooling|graph unet|message passing
6,DGL_Lecture_6_Annotated.pdf,4,Encoder-Decoder GNNs and Graph Generation,"This page covers encoder-decoder architectures for graphs, specifically Graph UNet and NED-VAE, for tasks like graph super-resolution and generation. It distinguishes between supervised generation with ground-truth targets and unsupervised learning of graph distributions. The page details evaluation metrics for generative models, including statistical measures like KL divergence and MMD, and topological measures like eigenvector centrality.",graph unet|graph generation|encoder-decoder gnn|graph super-resolution|evaluation metrics|ned-vae|supervised learning|unsupervised learning
