concept,file_name,chapter,pdf_page,book_page,figure_label,caption
classification,ch01_classification_figure_1_1_p21_2.png,1,21,13,Figure 1.1,A training set consisting of six images of cats (highlighted in blue) and six images of dogs (highlighted in red). This set is used to train a machine learning model that can distinguish between future images of cats and dogs. The images in this Figure were taken from [1].
machine learning,ch01_classification_figure_1_1_p21_2.png,1,21,13,Figure 1.1,A training set consisting of six images of cats (highlighted in blue) and six images of dogs (highlighted in red). This set is used to train a machine learning model that can distinguish between future images of cats and dogs. The images in this Figure were taken from [1].
training set,ch01_classification_figure_1_1_p21_2.png,1,21,13,Figure 1.1,A training set consisting of six images of cats (highlighted in blue) and six images of dogs (highlighted in red). This set is used to train a machine learning model that can distinguish between future images of cats and dogs. The images in this Figure were taken from [1].
feature engineering,ch01_feature_engineering_figure_1_2_p22.png,1,22,14,Figure 1.2,"Feature space representation of the training set where the horizontal and vertical axes represent the features nose size and ear shape, respectively. The fact that the cats and dogs from our training set lie in distinct regions of the feature space reflects a good choice of features."
feature space,ch01_feature_engineering_figure_1_2_p22.png,1,22,14,Figure 1.2,"Feature space representation of the training set where the horizontal and vertical axes represent the features nose size and ear shape, respectively. The fact that the cats and dogs from our training set lie in distinct regions of the feature space reflects a good choice of features."
model training,ch01_model_training_figure_1_3_p23_2.png,1,23,15,Figure 1.3,"A trained linear model (shown in black) provides a computational rule for distinguishing between cats and dogs. Any new image received in the future will be classified as a cat if its feature representation lies above this line (in the blue region), and a dog if the feature representation lies below this line (in the red region)."
model validation,ch01_model_validation_figure_1_4_p24_2.png,1,24,16,Figure 1.4,"A validation set of cat and dog images (also taken from [1]). Notice that the images in this set are not highlighted in red or blue (as was the case with the training set shown in Figure 1.1) indicating that the true identity of each image is not revealed to the learner. Notice that one of the dogs, the Boston terrier in the bottom right corner, has both a short nose and pointy ears. Due to our chosen feature representation the computer will think this is a cat!"
validation set,ch01_model_validation_figure_1_4_p24_2.png,1,24,16,Figure 1.4,"A validation set of cat and dog images (also taken from [1]). Notice that the images in this set are not highlighted in red or blue (as was the case with the training set shown in Figure 1.1) indicating that the true identity of each image is not revealed to the learner. Notice that one of the dogs, the Boston terrier in the bottom right corner, has both a short nose and pointy ears. Due to our chosen feature representation the computer will think this is a cat!"
misclassification,ch01_misclassification_figure_1_5_p25_2.png,1,25,17,Figure 1.5,"Identification of (the feature representation of) validation images using our trained linear model. The Boston terrier (pointed to by an arrow) is misclassified as a cat since it has pointy ears and a short nose, just like the cats in our training set."
input/output relationship,ch01_input_output_relationship_figure_1_7_p26.png,1,26,18,Figure 1.7,(top-left panel) A toy training dataset consisting of 10 corporations' share price and revenue values. (top-right panel) A linear model is fit to the data. This trend line models the overall trajectory of the points and can be used for prediction in the future as shown in the bottom-left and bottom-right panels.
regression,ch01_input_output_relationship_figure_1_7_p26.png,1,26,18,Figure 1.7,(top-left panel) A toy training dataset consisting of 10 corporations' share price and revenue values. (top-right panel) A linear model is fit to the data. This trend line models the overall trajectory of the points and can be used for prediction in the future as shown in the bottom-left and bottom-right panels.
supervised learning,ch01_input_output_relationship_figure_1_7_p26.png,1,26,18,Figure 1.7,(top-left panel) A toy training dataset consisting of 10 corporations' share price and revenue values. (top-right panel) A linear model is fit to the data. This trend line models the overall trajectory of the points and can be used for prediction in the future as shown in the bottom-left and bottom-right panels.
continuous-valued output,ch01_continuous_valued_output_figure_1_8_p27_2.png,1,27,19,Figure 1.8,"Figure associated with Example 1.1 illustrating total student loan debt in the United States measured quarterly from 2006 to 2014. The rapid increase rate of the debt, measured by the slope of the trend line fit to the data, confirms that student debt is growing very fast. See text for further details."
clustering,ch01_clustering_figure_1_15_p35.png,1,35,27,Figure 1.15,Two toy examples of the vast array in which input data can cluster. Clustering algorithms are designed to uncover these kinds of distinct structures. In each instance the distinct clusters in the original data (on the left) are colored for visualization purposes (on the right).
cost function,ch01_cost_function_figure_1_16_p36.png,1,36,28,Figure 1.16,"(top panels) A figurative drawing of the two-dimensional cost function associated with learning the slope and intercept parameters of a linear model for the share price regression problem discussed in the previous Section and shown in Figure 1.7. Also shown here are two different sets of parameter values, one (left) at the minimum of the cost function and the other (right) at a point with larger cost function value. (bottom panels) The linear model corresponding to each set of parameters in the top panel. The set of parameters resulting in the best fit are found at the minimum of the cost surface."
mathematical optimization,ch01_cost_function_figure_1_16_p36.png,1,36,28,Figure 1.16,"(top panels) A figurative drawing of the two-dimensional cost function associated with learning the slope and intercept parameters of a linear model for the share price regression problem discussed in the previous Section and shown in Figure 1.7. Also shown here are two different sets of parameter values, one (left) at the minimum of the cost function and the other (right) at a point with larger cost function value. (bottom panels) The linear model corresponding to each set of parameters in the top panel. The set of parameters resulting in the best fit are found at the minimum of the cost surface."
minimization,ch01_cost_function_figure_1_16_p36.png,1,36,28,Figure 1.16,"(top panels) A figurative drawing of the two-dimensional cost function associated with learning the slope and intercept parameters of a linear model for the share price regression problem discussed in the previous Section and shown in Figure 1.7. Also shown here are two different sets of parameter values, one (left) at the minimum of the cost function and the other (right) at a point with larger cost function value. (bottom panels) The linear model corresponding to each set of parameters in the top panel. The set of parameters resulting in the best fit are found at the minimum of the cost surface."
model parameters,ch01_cost_function_figure_1_16_p36.png,1,36,28,Figure 1.16,"(top panels) A figurative drawing of the two-dimensional cost function associated with learning the slope and intercept parameters of a linear model for the share price regression problem discussed in the previous Section and shown in Figure 1.7. Also shown here are two different sets of parameter values, one (left) at the minimum of the cost function and the other (right) at a point with larger cost function value. (bottom panels) The linear model corresponding to each set of parameters in the top panel. The set of parameters resulting in the best fit are found at the minimum of the cost surface."
minimization,ch01_minimization_figure_1_17_p37.png,1,37,29,Figure 1.17,"(top panels) A figurative drawing of the two-dimensional cost function associated with learning the slope and intercept parameters of a linear model separating two classes of the toy dataset first shown in Figure 1.10. Also shown here are two different sets of parameter values, one (left) corresponding to the minimum of the cost function and the other (right) corresponding to a point with larger cost function value. (bottom panels) The linear classifiers corresponding to each set of parameters in the top panels. The optimal set of parameters, i.e., those giving the minimum value of the associated cost function, allow for the best separation between the two classes."
zero order optimization,ch02_zero_order_optimization_figure_2_1_p42.png,2,42,34,Figure 2.1,Figure 2.1 Figure associated with Example 2.1. Four example functions with the evaluation of their minima and maxima highlighted by green dots. See text for further details.
random sampling,ch02_random_sampling_figure_2_2_p46_2.png,2,46,38,Figure 2.2,"Figures associated with Example 2.2. Minimizing a simple function via sampling - or 'guessing'. (top row) Sampling the input of a function 4 times evenly (left panel) and at random (right panel). Here the inputs chosen are shown as blue dots, and their evaluations by the function are shown as green dots. (bottom row) Sampling evenly (left panel) and randomly (right panel) 20 times. The more samples we take, the more likely we are to find a point close to the global minimum using either sampling approach. See text for further details."
uniform sampling,ch02_random_sampling_figure_2_2_p46_2.png,2,46,38,Figure 2.2,"Figures associated with Example 2.2. Minimizing a simple function via sampling - or 'guessing'. (top row) Sampling the input of a function 4 times evenly (left panel) and at random (right panel). Here the inputs chosen are shown as blue dots, and their evaluations by the function are shown as green dots. (bottom row) Sampling evenly (left panel) and randomly (right panel) 20 times. The more samples we take, the more likely we are to find a point close to the global minimum using either sampling approach. See text for further details."
curse of dimensionality,ch02_curse_of_dimensionality_figure_2_3_p47_2.png,2,47,39,Figure 2.3,"(top row) The number of input points we must sample uniformly if we wish each to be a distance of d from its neighbors grows exponentially as the input dimension of a function increases. If 3 points are used to cover a single-input space in this way (left panel), 32 = 9 points are required in two dimensions, and 33 = 27 points in three dimensions (and this trend continues). Sampling randomly (bottom row) does not solve the problem. See text for further details."
initial point,ch02_initial_point_figure_2_4_p49_2.png,2,49,41,Figure 2.4,"Local optimization methods work by minimizing a target function in a sequence of steps. Shown here is a generic local optimization method applied to minimize a single-input function. Starting with the initial point w0, we move towards lower points on the cost function like a ball rolling downhill."
local optimization,ch02_initial_point_figure_2_4_p49_2.png,2,49,41,Figure 2.4,"Local optimization methods work by minimizing a target function in a sequence of steps. Shown here is a generic local optimization method applied to minimize a single-input function. Starting with the initial point w0, we move towards lower points on the cost function like a ball rolling downhill."
sequential refinement,ch02_initial_point_figure_2_4_p49_2.png,2,49,41,Figure 2.4,"Local optimization methods work by minimizing a target function in a sequence of steps. Shown here is a generic local optimization method applied to minimize a single-input function. Starting with the initial point w0, we move towards lower points on the cost function like a ball rolling downhill."
coordinate descent,ch02_coordinate_descent_figure_2_11_p59_2.png,2,59,51,Figure 2.11,"(left panel) With coordinate search we seek out descent directions only among the coordinates axes: at each step, colored alternately blue and red for better visualization, we try 2N = 4 directions along the N = 2 coordinate axes, and pick the one resulting the largest decrease in the function's evaluation. (right panel) With coordinate descent we (ideally) take a step immediately after examining the positive and negative directions along each coordinate."
coordinate search,ch02_coordinate_descent_figure_2_11_p59_2.png,2,59,51,Figure 2.11,"(left panel) With coordinate search we seek out descent directions only among the coordinates axes: at each step, colored alternately blue and red for better visualization, we try 2N = 4 directions along the N = 2 coordinate axes, and pick the one resulting the largest decrease in the function's evaluation. (right panel) With coordinate descent we (ideally) take a step immediately after examining the positive and negative directions along each coordinate."
first order taylor series approximation,ch03_first_order_taylor_series_approximation_figure_3_1_p67.png,3,67,59,Figure 3.1,"The first order optimality condition characterizes points where the derivative or gradient of a function equals zero, or likewise where the line or hyperplane tangent to a function has 'zero slope' (or is completely horizontal and parallel to the input space). With a simple convex quadratic this condition identifies the global minimum of the function - illustrated here with a single-input (left panel) and multi-input (right panel) quadratic function."
global minimum,ch03_first_order_taylor_series_approximation_figure_3_1_p67.png,3,67,59,Figure 3.1,"The first order optimality condition characterizes points where the derivative or gradient of a function equals zero, or likewise where the line or hyperplane tangent to a function has 'zero slope' (or is completely horizontal and parallel to the input space). With a simple convex quadratic this condition identifies the global minimum of the function - illustrated here with a single-input (left panel) and multi-input (right panel) quadratic function."
local minimum,ch03_local_minimum_figure_3_2_p69.png,3,69,61,Figure 3.2,"Figure 3.2 Figure for Example 3.1. From left to right the functions g(w) = sin(2w), w3, and sin (3w) + 0.3w2 are shown along with their derivatives in the bottom row. See text for further details."
saddle points,ch03_local_minimum_figure_3_2_p69.png,3,69,61,Figure 3.2,"Figure 3.2 Figure for Example 3.1. From left to right the functions g(w) = sin(2w), w3, and sin (3w) + 0.3w2 are shown along with their derivatives in the bottom row. See text for further details."
stationary points,ch03_local_minimum_figure_3_2_p69.png,3,69,61,Figure 3.2,"Figure 3.2 Figure for Example 3.1. From left to right the functions g(w) = sin(2w), w3, and sin (3w) + 0.3w2 are shown along with their derivatives in the bottom row. See text for further details."
coordinate descent,ch03_coordinate_descent_figure_3_4_p73.png,3,73,65,Figure 3.4,Figure associated with Example 3.5
convexity,ch04_convexity_figure_4_1_p103.png,4,103,95,Figure 4.1,"Figure associated with Example 4.1. From left to right, plots of functions g (w) = w3, g (w) = ew, g (w) = sin (w), and g (w) = w2."
local minimum,ch04_local_minimum_figure_4_2_p104_2.png,4,104,96,Figure 4.2,"Three single-input functions along with their first and second order derivatives shown in the top, middle, and bottom panels, respectively. See text for further details."
saddle points,ch04_local_minimum_figure_4_2_p104_2.png,4,104,96,Figure 4.2,"Three single-input functions along with their first and second order derivatives shown in the top, middle, and bottom panels, respectively. See text for further details."
stationary points,ch04_local_minimum_figure_4_2_p104_2.png,4,104,96,Figure 4.2,"Three single-input functions along with their first and second order derivatives shown in the top, middle, and bottom panels, respectively. See text for further details."
newton's method,ch04_newton_s_method_figure_4_9_p117.png,4,117,109,Figure 4.9,Figure associated with Example 4.8. See text for details.
bias,ch05_bias_figure_5_1_p128.png,5,128,120,Figure 5.1,"(left panel) A simulated dataset in two dimensions along with a well-fitting line. A line in two dimensions is defined as w0 + xw1 = y, where w0 is referred to as the bias and w1 the slope, and a point xp, yp lies close to it if w0 + xpw1 ≈yp. (right panel) A simulated three dimensional dataset along with a well-fitting hyperplane. A hyperplane in general is defined as w0 + x1w1 + x2w2 + · · · + xNwN = y, where again w0 is the bias and w1, w2, . . . , wN the hyperplane's coordinate-wise slopes, and a point xp, yp lies close to it if w0 + x1,pw1 + x2,pw2 + · · · + xN,pwN ≈yp. Here N = 2."
first order taylor series approximation,ch05_bias_figure_5_1_p128.png,5,128,120,Figure 5.1,"(left panel) A simulated dataset in two dimensions along with a well-fitting line. A line in two dimensions is defined as w0 + xw1 = y, where w0 is referred to as the bias and w1 the slope, and a point xp, yp lies close to it if w0 + xpw1 ≈yp. (right panel) A simulated three dimensional dataset along with a well-fitting hyperplane. A hyperplane in general is defined as w0 + x1w1 + x2w2 + · · · + xNwN = y, where again w0 is the bias and w1, w2, . . . , wN the hyperplane's coordinate-wise slopes, and a point xp, yp lies close to it if w0 + x1,pw1 + x2,pw2 + · · · + xN,pwN ≈yp. Here N = 2."
regression,ch05_bias_figure_5_1_p128.png,5,128,120,Figure 5.1,"(left panel) A simulated dataset in two dimensions along with a well-fitting line. A line in two dimensions is defined as w0 + xw1 = y, where w0 is referred to as the bias and w1 the slope, and a point xp, yp lies close to it if w0 + xpw1 ≈yp. (right panel) A simulated three dimensional dataset along with a well-fitting hyperplane. A hyperplane in general is defined as w0 + x1w1 + x2w2 + · · · + xNwN = y, where again w0 is the bias and w1, w2, . . . , wN the hyperplane's coordinate-wise slopes, and a point xp, yp lies close to it if w0 + x1,pw1 + x2,pw2 + · · · + xN,pwN ≈yp. Here N = 2."
least squares cost function,ch05_least_squares_cost_function_figure_5_2_p130.png,5,130,122,Figure 5.2,"(left panel) A prototypical two dimensional dataset along with a line fit to the data using the Least Squares framework, which aims at recovering the linear model that minimizes the total squared length of the solid error bars. (right panel) The Least Squares error can be thought of as the total area of the blue squares, having solid black error bars as sides. The cost function is called Least Squares because it allows us to determine a set of parameters whose corresponding line minimizes the sum of these square errors."
convexity,ch05_convexity_figure_5_13_p152_2.png,5,152,144,Figure 5.13,"The line segment (shown in orange) connecting two points on the graph of a convex function f always lies above the graph of f. This means that for any point between x and y, which can be characterized by λx + (1 −λ) y for a certain λ ∈(0, 1), λf (x) + (1 −λ) f y is always greater than (or equal to) f λx + (1 −λ) y ."
softmax approximation to max,ch06_softmax_approximation_to_max_figure_6_13_p173.png,6,173,165,Figure 6.13,"Plots of the Perceptron g (s) = max (0, s) (shown in green) as well as its smooth Softmax approximation g (s) = soft (0, s) = log (1 + es) (shown in dashed black)."
numerical instability,ch06_numerical_instability_figure_6_14_p175.png,6,175,167,Figure 6.14,Figure 6.14 (top row) Figure associated with Example 6.6. See text for details.
weight divergence to infinity,ch06_numerical_instability_figure_6_14_p175.png,6,175,167,Figure 6.14,(top row) Figure associated with Example 6.6. See text for details.
normal vector to hyperplane,ch06_normal_vector_to_hyperplane_figure_6_15_p177.png,6,177,169,Figure 6.15,"A linear decision boundary written as b + xTω = 0 has a normal vector ω defined by its feature-touching weights. To compute the signed distance of a point xp to the boundary we mark the translation of the decision boundary passing through this point as b + xTω = β, and the projection of the point onto the decision boundary as x′p."
regularization,ch06_normal_vector_to_hyperplane_figure_6_15_p177.png,6,177,169,Figure 6.15,"A linear decision boundary written as b + xTω = 0 has a normal vector ω defined by its feature-touching weights. To compute the signed distance of a point xp to the boundary we mark the translation of the decision boundary passing through this point as b + xTω = β, and the projection of the point onto the decision boundary as x′p."
signed distance to decision boundary,ch06_signed_distance_to_decision_boundary_figure_6_16_p178.png,6,178,170,Figure 6.16,"Visual representation of the distance to the hyperplane b + xTω, of two points xp and xq lying above it."
regularized softmax cost,ch06_regularized_softmax_cost_figure_6_17_p180.png,6,180,172,Figure 6.17,Figure associated with Example 6.7. See text for details.
margin of separating hyperplane,ch06_margin_of_separating_hyperplane_figure_6_18_p181.png,6,181,173,Figure 6.18,"For linearly separable data the width of the buffer zone (in gray) confined between two evenly spaced translates of a separating hyperplane that just touch each respective class, defines the margin of that separating hyperplane."
maximum margin decision boundary,ch06_maximum_margin_decision_boundary_figure_6_19_p183.png,6,183,175,Figure 6.19,"Infinitely many linear decision boundaries can perfectly separate a dataset like the one shown here, where two linear decision boundaries are shown in green and black. The decision boundary with the maximum margin - here the one shown in black - is intuitively the best choice. See text for further details."
maximum margin decision boundary,ch06_maximum_margin_decision_boundary_figure_6_20_p184.png,6,184,176,Figure 6.20,The margin of a separating hyperplane can be calculated by measuring the distance between the two points of intersection of the normal vector ω and the two equidistant translations of the hyperplane. This distance can be shown to have the value of 2 / ∥ω∥2 (see text for further details).
soft-margin support vector machine,ch06_soft_margin_support_vector_machine_figure_6_21_p186.png,6,186,178,Figure 6.21,Figure associated with Example 6.8. See text for details.
support vectors,ch06_soft_margin_support_vector_machine_figure_6_21_p186.png,6,186,178,Figure 6.21,Figure associated with Example 6.8. See text for details.
cost function versus misclassification discrepancy,ch06_cost_function_versus_misclassification_discrepan_figure_6_23_p193.png,6,193,185,Figure 6.23,Figure associated with Example 6.9. See text for details.
step function approximation,ch06_cost_function_versus_misclassification_discrepan_figure_6_23_p193.png,6,193,185,Figure 6.23,Figure associated with Example 6.9. See text for details.
confusion matrix,ch06_confusion_matrix_figure_6_24_p195.png,6,195,187,Figure 6.24,The confusion matrix can be used to produce additional quality metrics for two-class classification.
weighted classification,ch06_weighted_classification_figure_6_25_p198.png,6,198,190,Figure 6.25,"An example of duplicate entries in a metadata dataset. Here a single input feature of this dataset is plotted along with the labels for each point. There are many duplicates in this slice of the data, which are visually depicted by the radius of each point (the larger the radius, the more duplicates of that point exist in the dataset)."
linear multi-class classification,ch07_linear_multi_class_classification_figure_7_1_p205.png,7,205,197,Figure 7.1,"A prototypical classification dataset with C = 3 classes. Here points with label value yp = 0, yp = 1, and yp = 2 are colored blue, red, and green, respectively."
one-versus-all classification,ch07_linear_multi_class_classification_figure_7_1_p205.png,7,205,197,Figure 7.1,"A prototypical classification dataset with C = 3 classes. Here points with label value yp = 0, yp = 1, and yp = 2 are colored blue, red, and green, respectively."
one-versus-all classification,ch07_one_versus_all_classification_figure_7_2_p206.png,7,206,198,Figure 7.2,(top row) Three one-versus-all linear two-class classifiers learned to the dataset shown in Figure 7.1. (bottom row) All three classifiers shown on top of the original dataset. See text for further details.
fusion rule,ch07_fusion_rule_figure_7_6_p212.png,7,212,204,Figure 7.6,"The result of applying the fusion rule in Equation (7.12) to the input space of our toy dataset, with regions colored according to their predicted label along with the original two-class decision boundaries (left panel) and fused multi-class decision boundary in black (right panel). See text for further details."
piecewise linear decision boundary,ch07_fusion_rule_figure_7_6_p212.png,7,212,204,Figure 7.6,"The result of applying the fusion rule in Equation (7.12) to the input space of our toy dataset, with regions colored according to their predicted label along with the original two-class decision boundaries (left panel) and fused multi-class decision boundary in black (right panel). See text for further details."
mini-batch gradient descent,ch07_mini_batch_gradient_descent_figure_7_18_p234.png,7,234,226,Figure 7.18,"Schematic comparison of first iteration of (top panel) full batch and (bottom) stochastic gradient descent, through the lens of machine learning using (for the sake of simplicity) a small dataset of points. In the full batch sweep we take a step in all points simultaneously, whereas (bottom panel) in the mini-batch approach we sweep through these points sequentially as if we received the data in an online fashion."
batch size,ch07_batch_size_figure_7_19_p235.png,7,235,227,Figure 7.19,Figure associated with Example 7.10. A comparison of the progress made by standard (in black) and mini-batch (in magenta) gradient descent over the MNIST training dataset in terms of cost function value (left panel) and number of misclassifications (right panel). The mini-batch approach makes significantly faster progress than standard gradient descent in both measures.
mini-batch gradient descent,ch07_batch_size_figure_7_19_p235.png,7,235,227,Figure 7.19,Figure associated with Example 7.10. A comparison of the progress made by standard (in black) and mini-batch (in magenta) gradient descent over the MNIST training dataset in terms of cost function value (left panel) and number of misclassifications (right panel). The mini-batch approach makes significantly faster progress than standard gradient descent in both measures.
softmax cost function,ch07_batch_size_figure_7_19_p235.png,7,235,227,Figure 7.19,Figure associated with Example 7.10. A comparison of the progress made by standard (in black) and mini-batch (in magenta) gradient descent over the MNIST training dataset in terms of cost function value (left panel) and number of misclassifications (right panel). The mini-batch approach makes significantly faster progress than standard gradient descent in both measures.
steplength,ch07_batch_size_figure_7_19_p235.png,7,235,227,Figure 7.19,Figure associated with Example 7.10. A comparison of the progress made by standard (in black) and mini-batch (in magenta) gradient descent over the MNIST training dataset in terms of cost function value (left panel) and number of misclassifications (right panel). The mini-batch approach makes significantly faster progress than standard gradient descent in both measures.
spanning set,ch08_spanning_set_figure_8_1_p240.png,8,240,232,Figure 8.1,"Two-dimensional points illustrated as dots (left panel), arrows (middle panel), and a mixture of both (right panel). Those shown as arrows on the right are a basis or spanning set over which we aim to represent every point in the entire space."
projection,ch08_projection_figure_8_3_p244.png,8,244,236,Figure 8.3,"Figure 8.3 (left panel) A dataset of points xp in N = 3 dimensions along with a linear subspace spanned by K = 2 vectors c1 and c2, colored in red. (middle panel) The encoding space spanned by c1 and c2, where our encoded vectors wp live. (right panel) The projected or decoded versions of each data point xp shown in the subspace spanned by C = [c1 c2]. The decoded version of the original point xp is expressed as Cwp."
gradient descent,ch08_gradient_descent_figure_8_4_p245.png,8,245,237,Figure 8.4,Figure 8.4 Figure associated with Example 8.2. See text for details.
linear autoencoder,ch08_linear_autoencoder_figure_8_5_p247.png,8,247,239,Figure 8.5,Figure 8.5 Figure associated with Example 8.3. See text for details.
dimension reduction,ch08_dimension_reduction_figure_8_6_p247.png,8,247,239,Figure 8.6,"Figure 8.6 A prototypical dataset with scaled versions of its first and second principal components shown as the longer and shorter red arrows, respectively. See text for further details."
principal component analysis,ch08_dimension_reduction_figure_8_6_p247.png,8,247,239,Figure 8.6,"A prototypical dataset with scaled versions of its first and second principal components shown as the longer and shorter red arrows, respectively. See text for further details."
dimension reduction,ch08_dimension_reduction_figure_8_7_p248.png,8,248,240,Figure 8.7,Figure 8.7 Figure associated with Example 8.4.
principal component analysis,ch08_dimension_reduction_figure_8_7_p248.png,8,248,240,Figure 8.7,Figure associated with Example 8.4.
dimension reduction,ch08_dimension_reduction_figure_8_8_p249.png,8,249,241,Figure 8.8,Figure 8.8 Figure associated with Example 8.5. (left panel) A toy classification dataset consisting of two linearly separable classes. The ideal one-dimensional subspace produced via PCA is shown in black. (right panel) Reducing the feature space dimension by projecting the data onto this subspace completely destroys the original separability of the data.
matrix factorization,ch08_matrix_factorization_figure_8_9_p251.png,8,251,243,Figure 8.9,"A prototypical movie rating matrix is very sparsely populated, with each user having rated only a very small number of films. In this diagram movies are listed along rows with users along columns. In order to properly recommend movies for users to watch we try to intelligently guess the missing values of this matrix, and then recommend movies that we predict users would rate highly (and therefore enjoy the most)."
cluster centroid,ch08_cluster_centroid_figure_8_10_p253.png,8,253,245,Figure 8.10,"Figure 8.10 (left) A two-dimensional toy dataset with P = 10 data points. (right) The data shown naturally clustered into K = 3 clusters. Points that are geometrically close to one another belong to the same cluster, and each cluster boundary is roughly marked using a uniquely colored solid curve. Each cluster center - also called a centroid - is marked by a star symbol colored to match its cluster boundary."
k-means clustering,ch08_cluster_centroid_figure_8_10_p253.png,8,253,245,Figure 8.10,"(left) A two-dimensional toy dataset with P = 10 data points. (right) The data shown naturally clustered into K = 3 clusters. Points that are geometrically close to one another belong to the same cluster, and each cluster boundary is roughly marked using a uniquely colored solid curve. Each cluster center - also called a centroid - is marked by a star symbol colored to match its cluster boundary."
centroid initialization,ch08_centroid_initialization_figure_8_11_p255.png,8,255,247,Figure 8.11,The first two iterations of the K-means algorithm illustrated using the dataset first shown in Figure 8.10. (top row) (left panel) A set of data points with random centroid initializations and assignments. (right panel) Centroid locations updated as average of points assigned to each cluster. (bottom row) (left panel) Assigning points based on updated centroid locations. (right panel) Updated location of centroids given by cluster averages.
sequential refinement,ch08_centroid_initialization_figure_8_11_p255.png,8,255,247,Figure 8.11,Figure 8.11 The first two iterations of the K-means algorithm illustrated using the dataset first shown in Figure 8.10. (top row) (left panel) A set of data points with random centroid initializations and assignments. (right panel) Centroid locations updated as average of points assigned to each cluster. (bottom row) (left panel) Assigning points based on updated centroid locations. (right panel) Updated location of centroids given by cluster averages.
scree plot,ch08_scree_plot_figure_8_13_p257.png,8,257,249,Figure 8.13,Figure 8.13 Figure associated with Example 8.7. (left panel) A dataset to cluster. (right panel) A skree plot. See text for further details.
clustering,ch09_clustering_figure_9_1_p270.png,9,270,262,Figure 9.1,"A prototypical comparison of feature selection, PCA, and clustering as dimension reduction schemes on an arbitrary data matrix, like those we have discussed in previous chapters for un/supervised learning, whose rows contain features and columns individual data points. The former two methods reduce the dimension of the feature space, or in other words the number of rows in a data matrix. However, the two methods work diﬀerently: while feature selection literally selects rows from the original matrix to keep, PCA uses the geometry of the feature space to produce a new data matrix based on a lower feature dimensional version of the data. K-means, on the other hand, reduces the dimension of the data/number of data points, or equivalently the number of columns in the input data matrix. It does"
dimension reduction,ch09_clustering_figure_9_1_p270.png,9,270,262,Figure 9.1,"A prototypical comparison of feature selection, PCA, and clustering as dimension reduction schemes on an arbitrary data matrix, like those we have discussed in previous chapters for un/supervised learning, whose rows contain features and columns individual data points. The former two methods reduce the dimension of the feature space, or in other words the number of rows in a data matrix. However, the two methods work differently: while feature selection literally selects rows from the original matrix to keep, PCA uses the geometry of the feature space to produce a new data matrix based on a lower feature dimensional version of the data. K-means, on the other hand, reduces the dimension of the data/number of data points, or equivalently the number of columns in the input data matrix. It doe"
feature selection,ch09_clustering_figure_9_1_p270.png,9,270,262,Figure 9.1,"A prototypical comparison of feature selection, PCA, and clustering as dimension reduction schemes on an arbitrary data matrix, like those we have discussed in previous chapters for un/supervised learning, whose rows contain features and columns individual data points. The former two methods reduce the dimension of the feature space, or in other words the number of rows in a data matrix. However, the two methods work differently: while feature selection literally selects rows from the original matrix to keep, PCA uses the geometry of the feature space to produce a new data matrix based on a lower feature dimensional version of the data. K-means, on the other hand, reduces the dimension of the data/number of data points, or equivalently the number of columns in the input data matrix. It doe"
principal component analysis,ch09_clustering_figure_9_1_p270.png,9,270,262,Figure 9.1,"A prototypical comparison of feature selection, PCA, and clustering as dimension reduction schemes on an arbitrary data matrix, like those we have discussed in previous chapters for un/supervised learning, whose rows contain features and columns individual data points. The former two methods reduce the dimension of the feature space, or in other words the number of rows in a data matrix. However, the two methods work diﬀerently: while feature selection literally selects rows from the original matrix to keep, PCA uses the geometry of the feature space to produce a new data matrix based on a lower feature dimensional version of the data. K-means, on the other hand, reduces the dimension of the data/number of data points, or equivalently the number of columns in the input data matrix. It does"
one-hot encoded labels,ch09_one_hot_encoded_labels_figure_9_2_p272.png,9,272,264,Figure 9.2,Blood type converted into numerical features (top panels) and histogram-based features (bottom panel). See text for further details.
inner product similarity,ch09_inner_product_similarity_figure_9_3_p273.png,9,273,265,Figure 9.3,Bag of Words histogram features for the two example documents shown in Equation (9.1).
newton's method,ch09_newton_s_method_figure_9_5_p275.png,9,275,267,Figure 9.5,Figure 9.5 Figure associated with Example 9.2. See text for details.
softmax cost function,ch09_newton_s_method_figure_9_5_p275.png,9,275,267,Figure 9.5,Figure 9.5 Figure associated with Example 9.2. See text for details.
discriminative features,ch09_discriminative_features_figure_9_7_p277.png,9,277,269,Figure 9.7,"Figure 9.7 (left column) Three images of simple shapes. While the triangles in the top two images are visually similar, this similarity is not reflected by comparing their raw pixel values. (middle column) Edge detected versions of the original images, here using 8 edge orientations, retain the distinguishing structural content while significantly reducing the amount of information in each image. (right column) By taking normalized histograms of the edge content we have a feature representation that captures the similarity of the two triangles quite well while distinguishing both from the square. See text for further details."
edge histogram features,ch09_discriminative_features_figure_9_7_p277.png,9,277,269,Figure 9.7,"(left column) Three images of simple shapes. While the triangles in the top two images are visually similar, this similarity is not reflected by comparing their raw pixel values. (middle column) Edge detected versions of the original images, here using 8 edge orientations, retain the distinguishing structural content while significantly reducing the amount of information in each image. (right column) By taking normalized histograms of the edge content we have a feature representation that captures the similarity of the two triangles quite well while distinguishing both from the square. See text for further details."
edge histogram features,ch09_edge_histogram_features_figure_9_9_p278.png,9,278,270,Figure 9.9,"A pictorial representation of the sort of generalized edge histogram feature transformation commonly used for object detection. An input image is broken down into small (here 9 × 9) blocks, and an edge histogram is computed on each of the smaller non-overlapping (here 3 × 3) patches that make up the block. The resulting histograms are then concatenated and normalized jointly, producing a feature vector for the entire block. Concatenating such block features by scanning the block window over the entire image gives the final feature vector."
mini-batch gradient descent,ch09_mini_batch_gradient_descent_figure_9_11_p281.png,9,281,273,Figure 9.11,Figure associated with Example 9.3. See text for details.
spectrogram,ch09_spectrogram_figure_9_13_p282.png,9,282,274,Figure 9.13,A pictorial representation of histogram-based features for audio data. The original speech signal (shown on the left) is broken up into small (overlapping) windows whose frequency histograms are computed and stacked vertically to produce a so-called spectrogram (shown on the right). Classification tasks like speech recognition are then performed using this feature representation or further refinements of it.
nonlinear feature engineering,ch10_nonlinear_feature_engineering_figure_10_1_p310.png,10,310,302,Figure 10.1,Figure 10.1 (left panel) Linear regression illustrated. Here the fit to the data is defined by the linear model ˚xTw. (right panel) Nonlinear regression is achieved by injecting nonlinear feature transformations into our model. Here the fit to the data is a nonlinear curve defined by ˚fTw. See text for further details.
nonlinear model,ch10_nonlinear_feature_engineering_figure_10_1_p310.png,10,310,302,Figure 10.1,Figure 10.1 (left panel) Linear regression illustrated. Here the fit to the data is defined by the linear model ˚xTw . (right panel) Nonlinear regression is achieved by injecting nonlinear feature transformations into our model. Here the fit to the data is a nonlinear curve defined by ˚fTw . See text for further details.
nonlinear regression,ch10_nonlinear_feature_engineering_figure_10_1_p310.png,10,310,302,Figure 10.1,Figure 10.1 (left panel) Linear regression illustrated. Here the fit to the data is defined by the linear model ˚xTw. (right panel) Nonlinear regression is achieved by injecting nonlinear feature transformations into our model. Here the fit to the data is a nonlinear curve defined by ˚fTw. See text for further details.
transformed feature space,ch10_transformed_feature_space_figure_10_2_p312.png,10,312,304,Figure 10.2,Figure 10.2 Figure associated with Example 10.1. (left panel) A nonlinear regression dataset and corresponding tuned model defined in Equations (10.12) and (10.13). (right panel) The same data and tuned model viewed in the transformed feature space. See text for further details.
standard normalization,ch10_standard_normalization_figure_10_3_p313.png,10,313,305,Figure 10.3,Figure 10.3 Figure associated with Example 10.1. See text for details.
multi-output regression,ch10_multi_output_regression_figure_10_6_p318.png,10,318,310,Figure 10.6,Figurative illustrations of multi-output regression with C = 2 outputs. (left panel) Linear multi-output regression. (middle panel) Nonlinear multi-output regression where each regressor uses its own distinct nonlinear feature transformation. (right panel) Nonlinear multi-output regression where both regressors share the same nonlinear feature transformations. See text for further details.
decision boundary,ch10_decision_boundary_figure_10_8_p321.png,10,321,313,Figure 10.8,"Figure 10.8 Figurative illustrations of two-class linear and nonlinear classification. (left panel) Linear two-class classification, where the separating boundary is defined by ˚xTw = 0. (right panel) Nonlinear two-class classification, where the separating boundary is defined as ˚fTw = 0. See text for further details."
feature sharing,ch10_feature_sharing_figure_10_12_p326.png,10,326,318,Figure 10.12,Figurative illustrations of multi-class classifiers on a generic dataset with C = 3 classes. (left panel) Linear multi-class classification. (middle panel) Nonlinear multi-class classification where each classifier uses its own distinct nonlinear feature transformation. (right panel) Nonlinear multi-class classification where all classifiers share the same nonlinear feature transformations. See text for further details.
degree two polynomial expansion,ch10_degree_two_polynomial_expansion_figure_10_13_p328.png,10,328,320,Figure 10.13,Figure associated with Example 10.6. See text for details.
encoder-decoder composition,ch10_encoder_decoder_composition_figure_10_14_p330.png,10,330,322,Figure 10.14,Figurative illustrations of a linear (left panel) and nonlinear (right panel) Autoencoder. See text for further details.
manifold,ch10_encoder_decoder_composition_figure_10_14_p330.png,10,330,322,Figure 10.14,Figurative illustrations of a linear (left panel) and nonlinear (right panel) Autoencoder. See text for further details.
output transformation,ch10_output_transformation_figure_10_18_p334.png,10,334,326,Figure 10.18,"As Moore proposed fifty years ago, the number of transistors in microprocessors versus the year they were invented follows an exponential pattern."
output transformation,ch10_output_transformation_figure_10_19_p335.png,10,335,327,Figure 10.19,"(left panel) Experimental setup for verification of Ohm’s law. Black and brown wires are made up of constantan and copper, respectively. (right panel) Current measurements for 5 diﬀerent lengths of closing wire."
nonlinear classification,ch10_nonlinear_classification_figure_10_20_p336.png,10,336,328,Figure 10.20,Figure associated with Exercise 10.8. See text for further details.
nonlinear model,ch11_nonlinear_model_figure_11_1_p340.png,11,340,332,Figure 11.1,Toy (left panel) regression and (right panel) two-class classification datasets that clearly exhibit nonlinear behavior. The true underlying nonlinear function used to generate the data in each case is shown in dashed black. See text for further details.
linear combination,ch11_linear_combination_figure_11_5_p346.png,11,346,338,Figure 11.5,Figure 11.5 (top row) A particular linear combination of the three vectors in black creates a new vector (shown in blue). (bottom row) In an entirely similar fashion a particular linear combination of three functions in black creates a new function (shown in blue).
least squares cost function,ch11_least_squares_cost_function_figure_11_17_p361.png,11,361,353,Figure 11.17,"Figure 11.17 Figure associated with Example 11.6. (top row) Four instances of near-perfect two-class classification data. (second row) The corresponding data shown from a different (i.e., regression) perspective. (third row) Respective polynomial approximations to each dataset with B = 30 units in each instance using a Least Squares cost (third row) and a softmax cost (fourth row). The approximations shown in the final row are passed through the tanh function before visualization. See text for further details."
softmax cost function,ch11_least_squares_cost_function_figure_11_17_p361.png,11,361,353,Figure 11.17,"Figure 11.17 Figure associated with Example 11.6. (top row) Four instances of near-perfect two-class classification data. (second row) The corresponding data shown from a different (i.e., regression) perspective. (third row) Respective polynomial approximations to each dataset with B = 30 units in each instance using a Least Squares cost (third row) and a softmax cost (fourth row). The approximations shown in the final row are passed through the tanh function before visualization. See text for further details."
model complexity,ch11_model_complexity_figure_11_24_p368.png,11,368,360,Figure 11.24,"Figure 11.24 (top row) With perfect data if we set our optimization dial to all the way to the right, as we increase the capacity of our model by turning the capacity dial from left to right (starting all the way to the left) the corresponding representation gets better and better. (bottom row) With real data a similar eﬀect occurs, however here as we turn the capacity further to the right each tuned model will tend to become more and more complex, eventually overfitting the given data. See text for further details."
optimization dial,ch11_model_complexity_figure_11_24_p368.png,11,368,360,Figure 11.24,"Figure 11.24 (top row) With perfect data if we set our optimization dial to all the way to the right, as we increase the capacity of our model by turning the capacity dial from left to right (starting all the way to the left) the corresponding representation gets better and better. (bottom row) With real data a similar eﬀect occurs, however here as we turn the capacity further to the right each tuned model will tend to become more and more complex, eventually overfitting the given data. See text for further details."
overfitting,ch11_model_complexity_figure_11_24_p368.png,11,368,360,Figure 11.24,"Figure 11.24 (top row) With perfect data if we set our optimization dial to all the way to the right, as we increase the capacity of our model by turning the capacity dial from left to right (starting all the way to the left) the corresponding representation gets better and better. (bottom row) With real data a similar eﬀect occurs, however here as we turn the capacity further to the right each tuned model will tend to become more and more complex, eventually overfitting the given data. See text for further details."
underfitting,ch11_model_complexity_figure_11_24_p368.png,11,368,360,Figure 11.24,"Figure 11.24 (top row) With perfect data if we set our optimization dial to all the way to the right, as we increase the capacity of our model by turning the capacity dial from left to right (starting all the way to the left) the corresponding representation gets better and better. (bottom row) With real data a similar eﬀect occurs, however here as we turn the capacity further to the right each tuned model will tend to become more and more complex, eventually overfitting the given data. See text for further details."
model complexity,ch11_model_complexity_figure_11_25_p368.png,11,368,360,Figure 11.25,"Now suppose instead that we turn our capacity dial all the way to the right, using a very high capacity model, and set its parameters by turning our optimization dial ever so slowly from left to right. In the case of perfect data, as illustrated in the top row of Figure 11.25, this approach produces tuned models that increasingly represent the data well. With real data on the other hand, as illustrated in the bottom row of Figure 11.25, starting with our optimization dial set all the way to the left will tend to produce low complexity underfitting tuned models. As we turn our optimization dial from left to right, taking steps of a particular local optimization scheme, our corresponding model will tend to increase in complexity, improving its representation of the given data. This improveme"
optimization dial,ch11_model_complexity_figure_11_25_p368.png,11,368,360,Figure 11.25,"Now suppose instead that we turn our capacity dial all the way to the right, using a very high capacity model, and set its parameters by turning our optimization dial ever so slowly from left to right. In the case of perfect data, as illustrated in the top row of Figure 11.25, this approach produces tuned models that increasingly represent the data well. With real data on the other hand, as illustrated in the bottom row of Figure 11.25, starting with our optimization dial set all the way to the left will tend to produce low complexity underfitting tuned models. As we turn our optimization dial from left to right, taking steps of a particular local optimization scheme, our corresponding model will tend to increase in complexity, improving its representation of the given data. This improveme"
overfitting,ch11_model_complexity_figure_11_25_p368.png,11,368,360,Figure 11.25,"Now suppose instead that we turn our capacity dial all the way to the right, using a very high capacity model, and set its parameters by turning our optimization dial ever so slowly from left to right. In the case of perfect data, as illustrated in the top row of Figure 11.25, this approach produces tuned models that increasingly represent the data well. With real data on the other hand, as illustrated in the bottom row of Figure 11.25, starting with our optimization dial set all the way to the left will tend to produce low complexity underfitting tuned models. As we turn our optimization dial from left to right, taking steps of a particular local optimization scheme, our corresponding model will tend to increase in complexity, improving its representation of the given data. This improveme"
underfitting,ch11_model_complexity_figure_11_25_p368.png,11,368,360,Figure 11.25,"Now suppose instead that we turn our capacity dial all the way to the right, using a very high capacity model, and set its parameters by turning our optimization dial ever so slowly from left to right. In the case of perfect data, as illustrated in the top row of Figure 11.25, this approach produces tuned models that increasingly represent the data well. With real data on the other hand, as illustrated in the bottom row of Figure 11.25, starting with our optimization dial set all the way to the left will tend to produce low complexity underfitting tuned models. As we turn our optimization dial from left to right, taking steps of a particular local optimization scheme, our corresponding model will tend to increase in complexity, improving its representation of the given data. This improveme"
training set,ch11_training_set_figure_11_27_p371.png,11,371,363,Figure 11.27,"Figure 11.27 Splitting the data into training and validation sets. The original data shown in the left panel as the entire round mass is split randomly in the right panel into two non-overlapping sets. The smaller piece, typically or 101 to 13 of the original data, is then taken as the validation set with the remaining taken as the training set."
validation set,ch11_training_set_figure_11_27_p371.png,11,371,363,Figure 11.27,"Figure 11.27 Splitting the data into training and validation sets. The original data shown in the left panel as the entire round mass is split randomly in the right panel into two non-overlapping sets. The smaller piece, typically or 101 to 13 of the original data, is then taken as the validation set with the remaining taken as the training set."
high capacity model,ch11_high_capacity_model_figure_11_37_p390.png,11,390,382,Figure 11.37,"Figure 11.37 (top row) (top-left panel) A generic nonlinear regression dataset. (top-right panel) A figurative illustration of the cost function associated with a high capacity model over the training portion of this data. The global minimum is marked here with a blue dot (along with its evaluation by a blue ’x’) and a point nearby is marked in yellow (and whose evaluation is shown as a yellow ’x’). (bottom-left panel) The original data and fit (in blue) provided by the model using parameters from the global minimum of the cost function severely overfits the training portion of the data. (bottom-right panel) A fit provided by the parameters corresponding to the yellow dot shown in the top-right panel minimize the cost function over the validation portion of the data, and here provide a muc"
early stopping,ch11_early_stopping_figure_11_38_p392.png,11,392,384,Figure 11.38,"Figure 11.38 (left panel) A figurative illustration of early stopping regularization applied to a prototypical cost function of a high capacity model. We make a run of optimization - here shown to completion at the global minimum in blue - and choose the set of weights that provide a minimum validation error (shown in yellow). (right panel) A figurative illustration of regularizer based regularization. By adding a regularizer function to the cost associated of a high capacity model we change its shape, in particular dragging its global minima (here only one global minimum is shown) where overfitting behavior occurs away from their original location(s). The regularized cost function can then be completely minimized to recover weights as close to / far away from the true global minima of the"
regularization parameter,ch11_regularization_parameter_figure_11_41_p397.png,11,397,389,Figure 11.41,"Figure 11.41 (top panel) A prototypical pair of training / validation error curves associated with a generic run of regularizer based cross-validation. (bottom-left and bottom-right panel) With regularizer based cross-validation we set our capacity dial all the way to the right and our optimization dial all the way to the left beginning with a large value for λ our regularization parameter. We then slowly move our optimization dial from left to right by decreasing the value of λ, where here each notch on the optimization dial represents the complete minimization of the corresponding regularized cost function in Equation (11.36), improving the fit our of model to the training data. By adjusting the value of λ (and completely minimizing each corresponding regularized cost) we slowly turn the"
regularized cost function,ch11_regularization_parameter_figure_11_41_p397.png,11,397,389,Figure 11.41,"Figure 11.41 (top panel) A prototypical pair of training / validation error curves associated with a generic run of regularizer based cross-validation. (bottom-left and bottom-right panel) With regularizer based cross-validation we set our capacity dial all the way to the right and our optimization dial all the way to the left beginning with a large value for λ our regularization parameter. We then slowly move our optimization dial from left to right by decreasing the value of λ, where here each notch on the optimization dial represents the complete minimization of the corresponding regularized cost function in Equation (11.36), improving the fit our of model to the training data. By adjusting the value of λ (and completely minimizing each corresponding regularized cost) we slowly turn the"
regularizer,ch11_regularization_parameter_figure_11_41_p397.png,11,397,389,Figure 11.41,"Figure 11.41 (top panel) A prototypical pair of training / validation error curves associated with a generic run of regularizer based cross-validation. (bottom-left and bottom-right panel) With regularizer based cross-validation we set our capacity dial all the way to the right and our optimization dial all the way to the left beginning with a large value for λ our regularization parameter. We then slowly move our optimization dial from left to right by decreasing the value of λ, where here each notch on the optimization dial represents the complete minimization of the corresponding regularized cost function in Equation (11.36), improving the fit our of model to the training data. By adjusting the value of λ (and completely minimizing each corresponding regularized cost) we slowly turn the"
k-folds cross-validation,ch11_k_folds_cross_validation_figure_11_52_p414.png,11,414,406,Figure 11.52,"Schematic illustration of K-folds cross-validation for K = 3. The original data shown here as the entire circular mass (top left) is split into K non-overlapping sets. Each of these sets is referred to as a fold, and in each instance we keep a diﬀerent portion of the split data validation while merging the remaining K −1 pieces as training. We perform cross-validation with the same set of models on each of the K folds (bottom), afterwards choosing the single model with the lowest average validation error over all folds, with this model then re-trained over the entire original dataset to provide the final tuned predictor."
regularization,ch11_regularization_figure_11_55_p417.png,11,417,409,Figure 11.55,Figure 11.55 Figure associated with Example 11.19. See text for details.
fixed-shape universal approximators,ch12_fixed_shape_universal_approximators_figure_12_1_p424.png,12,424,416,Figure 12.1,"Figure 12.1 Figure associated with Example 12.1. From left to right, the first four units of a sinusoidal universal approximator."
orthogonal component r,ch12_orthogonal_component_r_figure_12_2_p428.png,12,428,420,Figure 12.2,"An illustration of a useful fact from the Fundamental Theorem of Linear Algebra which states that any vector w in an M dimensional space can be decomposed as w = Fz + r, where the vector Fz belongs in the column space of the matrix F and r is orthogonal to this subspace."
weight vector decomposition over feature matrix,ch12_orthogonal_component_r_figure_12_2_p428.png,12,428,420,Figure 12.2,"An illustration of a useful fact from the Fundamental Theorem of Linear Algebra which states that any vector w in an M dimensional space can be decomposed as w = Fz + r, where the vector Fz belongs in the column space of the matrix F and r is orthogonal to this subspace."
naive cross-validation,ch12_naive_cross_validation_figure_12_5_p440.png,12,440,432,Figure 12.5,Figure associated with Example 12.10. See text for details.
model capacity,ch13_model_capacity_figure_13_1_p445.png,13,445,437,Figure 13.1,Figure 13.1 Figure associated with Example 13.1. Four instances of a single-layer neural network unit with (top row) tanh and (bottom row) ReLU activation. See text for further details.
hidden layer,ch13_hidden_layer_figure_13_2_p446.png,13,446,438,Figure 13.2,"Figure 13.2 (left panel) Graphical representation of a single-layer neural network model, given in Equation (13.4), which is composed of U1 single-layer nonlinear feature transformations. (top right panel) A condensed graphical representation of a single-layer neural network. (bottom right panel) This network can be represented even more compactly, illustrating in a simple diagram all of the computation performed by a single layer network model. See text for further details."
input layer,ch13_hidden_layer_figure_13_2_p446.png,13,446,438,Figure 13.2,"Figure 13.2 (left panel) Graphical representation of a single-layer neural network model, given in Equation (13.4), which is composed of U1 single-layer nonlinear feature transformations. (top right panel) A condensed graphical representation of a single-layer neural network. (bottom right panel) This network can be represented even more compactly, illustrating in a simple diagram all of the computation performed by a single layer network model. See text for further details."
neural network architecture,ch13_hidden_layer_figure_13_2_p446.png,13,446,438,Figure 13.2,"Figure 13.2 (left panel) Graphical representation of a single-layer neural network model, given in Equation (13.4), which is composed of U1 single-layer nonlinear feature transformations. (top right panel) A condensed graphical representation of a single-layer neural network. (bottom right panel) This network can be represented even more compactly, illustrating in a simple diagram all of the computation performed by a single layer network model. See text for further details."
output layer,ch13_hidden_layer_figure_13_2_p446.png,13,446,438,Figure 13.2,"Figure 13.2 (left panel) Graphical representation of a single-layer neural network model, given in Equation (13.4), which is composed of U1 single-layer nonlinear feature transformations. (top right panel) A condensed graphical representation of a single-layer neural network. (bottom right panel) This network can be represented even more compactly, illustrating in a simple diagram all of the computation performed by a single layer network model. See text for further details."
sigmoid activation,ch13_sigmoid_activation_figure_13_13_p466.png,13,466,458,Figure 13.13,"Figure 13.13 Figure associated with Examples 13.7 and 13.8. (left column) The sigmoid function (top panel) and its derivative (bottom panel). The derivative here maps most input values away from the origin to output near zero, which can cause the gradient of a network employing sigmoid activation to vanish during optimization and thus prevent adequate parameter tuning. (right column) The ReLU function (top panel) and its derivative (bottom panel). While not as susceptible to vanishing gradient problems, networks employing the ReLU need to be initialized away from zero to prevent units from disappearing. See text for further details."
vanishing gradient problem,ch13_sigmoid_activation_figure_13_13_p466.png,13,466,458,Figure 13.13,"Figure 13.13 Figure associated with Examples 13.7 and 13.8. (left column) The sigmoid function (top panel) and its derivative (bottom panel). The derivative here maps most input values away from the origin to output near zero, which can cause the gradient of a network employing sigmoid activation to vanish during optimization and thus prevent adequate parameter tuning. (right column) The ReLU function (top panel) and its derivative (bottom panel). While not as susceptible to vanishing gradient problems, networks employing the ReLU need to be initialized away from zero to prevent units from disappearing. See text for further details."
maxout activation,ch13_maxout_activation_figure_13_14_p467.png,13,467,459,Figure 13.14,"Figure associated with Example 13.9. Four instances of a maxout unit in Equation (13.31), with parameters randomly set in each case. See text for further details."
internal covariate shift,ch13_internal_covariate_shift_figure_13_19_p477.png,13,477,469,Figure 13.19,Figure associated with Example 13.12. See text for details.
internal covariate shift,ch13_internal_covariate_shift_figure_13_19_p477.png,13,477,469,Figure 13.20,Figure associated with Example 13.12. See text for details.
stump,ch14_stump_figure_14_1_p484.png,14,484,476,Figure 14.1,"Figure 14.1 (top left panel) A simple stump, defined in Equation (14.1). (top right panel) A graphical illustration of a stump function as a binary tree. (bottom left panel) A depth two tree formed by recursing on each leaf of the stump, replacing it with a new stump. (bottom right panel) A graphical illustration of the depth two tree."
growing of a tree,ch14_growing_of_a_tree_figure_14_2_p485.png,14,485,477,Figure 14.2,"Figure 14.2 Four instances of (top row) a depth D = 2 tree unit and (bottom row) a depth D = 10 tree unit, where in each instance all the parameters (split points and leaf values) are set at random. The latter has higher capacity and is thus capable of generating a wider swath of shapes given diﬀerent settings of its parameters. Note here that the leaves are connected by vertical lines in order to give each tree instance a continuous appearance, which is done for visualization purposes only."
human interpretability,ch14_growing_of_a_tree_figure_14_2_p485.png,14,485,477,Figure 14.2,"Figure 14.2 Four instances of (top row) a depth D = 2 tree unit and (bottom row) a depth D = 10 tree unit, where in each instance all the parameters (split points and leaf values) are set at random. The latter has higher capacity and is thus capable of generating a wider swath of shapes given different settings of its parameters. Note here that the leaves are connected by vertical lines in order to give each tree instance a continuous appearance, which is done for visualization purposes only."
addition of trees,ch14_addition_of_trees_figure_14_3_p486.png,14,486,478,Figure 14.3,"Figure 14.3 (left panel) Three stumps, each depicted in a distinct color. (right panel) A depth two tree (in black) created by adding together the three stumps shown in the left panel."
mid-point split point,ch14_mid_point_split_point_figure_14_4_p487.png,14,487,479,Figure 14.4,"Figure 14.4 (top left panel) A prototypical nonlinear regression dataset. (top right panel) Three stumps with fixed leaf values (whose split point can vary). (middle panel) Each stump instance is slid horizontally across the input of the data by varying its split point value, creating three corresponding staircase-like Least Squares costs. (bottom panel) Each cost in the middle panel is constant in-between consecutive inputs, implying that we need only test one split point per flat region, e.g., the mid-point, as shown in this panel. See text for further details."
regression tree,ch14_mid_point_split_point_figure_14_4_p487.png,14,487,479,Figure 14.4,"Figure 14.4 (top left panel) A prototypical nonlinear regression dataset. (top right panel) Three stumps with fixed leaf values (whose split point can vary). (middle panel) Each stump instance is slid horizontally across the input of the data by varying its split point value, creating three corresponding staircase-like Least Squares costs. (bottom panel) Each cost in the middle panel is constant in-between consecutive inputs, implying that we need only test one split point per flat region, e.g., the mid-point, as shown in this panel. See text for further details."
staircase-like cost,ch14_mid_point_split_point_figure_14_4_p487.png,14,487,479,Figure 14.4,"Figure 14.4 (top left panel) A prototypical nonlinear regression dataset. (top right panel) Three stumps with fixed leaf values (whose split point can vary). (middle panel) Each stump instance is slid horizontally across the input of the data by varying its split point value, creating three corresponding staircase-like Least Squares costs. (bottom panel) Each cost in the middle panel is constant in-between consecutive inputs, implying that we need only test one split point per flat region, e.g., the mid-point, as shown in this panel. See text for further details."
candidate split points,ch14_candidate_split_points_figure_14_6_p491.png,14,491,483,Figure 14.6,Figure associated with Example 14.1. See text for details.
residual fitting,ch14_residual_fitting_figure_14_13_p501.png,14,501,493,Figure 14.13,Figure 14.13 Figure associated with Example 14.5. See text for details.
mode,ch14_mode_figure_14_15_p504.png,14,504,496,Figure 14.15,"Figure 14.15 Figure associated with Example 14.7. (left panels) The decision boundaries given by five fully grown classification trees, each grown on a different subset of the original data. Each tends to overfit the data, but their bagged ensemble (shown in the right panel) compensates for this, and does not overfit. See text for further detail."
recursively defined trees,ch14_mode_figure_14_15_p504.png,14,504,496,Figure 14.15,"Figure 14.15 Figure associated with Example 14.7. (left panels) The decision boundaries given by five fully grown classification trees, each grown on a different subset of the original data. Each tends to overfit the data, but their bagged ensemble (shown in the right panel) compensates for this, and does not overfit. See text for further detail."
pruning,ch14_pruning_figure_14_18_p507.png,14,507,499,Figure 14.18,"Figure 14.18 Pruning illustrated. (top panels) A fully-grown tree of depth two with four leaves. (bottom) A pruned version of the original tree wherein the leaves v2,1 and v2,2 are pruned and replaced by a single leaf."
